site_url,publication,stories_in_our_corpus
https://thenewshouse.com,The NewsHouse,382
https://voiceofoc.org,Voice of OC,155
https://fordhamobserver.com,The Observer,150
https://dailyiowan.com,The Daily Iowan,141
https://cronkitenews.azpbs.org,Cronkite News,136
https://seattlemedium.com,The Seattle Medium,130
https://cnsmaryland.org,CNS Maryland,123
https://idsnews.com,Indiana Daily Student,116
https://caplinnews.fiu.edu,Caplin News,114
https://capitolnewsillinois.com,Capitol News Illinois,111
https://dailytrojan.com,Daily Trojan,109
https://thedp.com,The Daily Pennsylvanian,107
https://statenews.com,The State News,105
https://amplifyutah.org,Amplify Utah - The Story Room,104
https://cornellsun.com,The Cornell Daily Sun,104
https://thedartmouth.com,The Dartmouth,101
https://hwsherald.com,The Herald,100
https://temple-news.com,The Temple News,100
https://lvcampustimes.org,Campus Times,100
https://purplemedianetwork.com,Purple Media Network,86
https://dailygamecock.com,The Daily Gamecock,82
https://jhunewsletter.com,The Johns Hopkins News-Letter,79
https://wisconsinwatch.org,Wisconsin Watch,77
https://alligator.org,The Independent Florida Alligator,74
https://milwaukeenns.org,Milwaukee Neighborhood News Service,73
https://gradynewsource.uga.edu,Grady Newsource,73
https://digitalcollections.dordt.edu,Dordt Digital Collections,70
https://thedaonline.com,www.thedaonline.com - RSS Results of type article,65
https://globeslcc.com,The Globe,64
https://wuft.org,Fresh Take Florida,60
https://tampafp.com,Tampa Free Press,60
https://dailycardinal.com,The Daily Cardinal,59
https://carolinanewsandreporter.cic.sc.edu,Carolina News and Reporter,58
https://eudoratimes.com,The Eudora Times,58
https://manshipxgr.org,LSU Manship School Statehouse Bureau,58
https://csulauniversitytimes.com,University Times,56
https://macon-newsroom.com,The Macon Newsroom,54
https://hunewsservice.com,Howard University News Service,54
https://thehoustoniannews.com,The Houstonian,53
https://thenortherner.com,The Northerner,52
https://gettysburgian.com,The Gettysburgian.,52
https://arizonasonorannews.com,Arizona Sonoran News,50
https://thecatalystnews.com,The Catalyst,50
https://dailygazette.com,www.dailygazette.com - RSS Results in spotlightnews of type article,50
https://westernherald.com,www.westernherald.com - RSS Results of type article,50
https://jackcentral.org,www.jackcentral.org - RSS Results of type article,50
https://ndsmcobserver.com,The Observer,50
https://udreview.com,The Review,50
https://theglobeggc.net,The Globe GGC,50
https://wcuquad.com,The Quad: Student News Service of WCU,50
https://outlook.monmouth.edu,The Outlook,50
https://cowleycollegemedia.com,www.cowleycollegemedia.com - RSS Results of type article,50
https://isustudentmedia.com,www.isustudentmedia.com - RSS Results in indianastatesman of type article,50
https://poly.rpi.edu,The Rensselaer Polytechnic,50
https://southern-accent.org,The Southern Accent,49
https://eastoncourier.news,Easton Courier,48
https://greatlakesecho.org,Great Lakes Echo,48
https://sjclimate.news,South Jersey Climate News,46
https://9thstreetjournal.org,9th Street Journal,45
https://legislativegazette.com,The Legislative Gazette,43
https://thedailycougar.com,The Cougar,43
https://columbianewsservice.com,Columbia News Service,42
https://reportformn.umn.edu,Legislative Reporting Project,40
https://southeastarrow.com,The Arrow Latest News,40
https://stanforddaily.com,The Stanford Daily,40
https://medium.com,Stories by Outlook Student Press RCC on Medium,40
https://theechonews.com,The Echo,40
https://noticieromovil.com,Noticiero Movil,38
https://thescopeboston.org,The Scope,37
https://gaylordnews.net,Gaylord News,36
https://longislandadvocate.com,The Long Island Advocate,35
https://hitchcockproject.org,The Hitchcock Project for Visualizing Science,35
https://browndailyherald.com,The Brown Daily Herald: Top Stories,35
https://dailyillini.com,The Daily Illini,35
https://blotmagazine.com,Blot,34
https://psrmemphis.org,Institute for Public Service Reporting – Memphis,33
https://cedarfallsnewshub.com,The Cedar Falls News Hub,32
https://digitalcommons.lesley.edu,Lesley College Current,31
https://chimesnewspaper.com,The Chimes,30
https://civilbeat.org,Honolulu Civil Beat,30
https://thebuclarion.com,The Clarion,30
https://newmexiconewsport.com,New Mexico News Port,30
https://thewesterncarolinajournalist.com,The Western Carolina Journalist,30
https://chargerbulletin.com,The Charger Bulletin,30
https://thereportingproject.org,"The Reporting Project – Covering Licking County, Ohio",30
https://ipmnewsroom.org,IPM Newsroom,30
https://mcdanielfreepress.com,The McDaniel Free Press,30
https://washtenawvoice.com,The Washtenaw Voice,30
https://bupipedream.com,Pipe Dream,30
https://theweeklyringer.com,The Weekly Ringer,30
https://baylorlariat.com,The Baylor Lariat,30
https://merrimacknewspaper.com,The Beacon,30
https://urcapitalnews.wordpress.com,urcapitalnews,29
https://pepperdine-graphic.com,Pepperdine Graphic,29
https://qcitymetro.com,QCity Metro Latest News,27
https://vtcommunitynews.org,Community News Service,26
https://newslab.org,NewsLab,26
https://bscbengalnews.blogspot.com,Buffalo Review West,25
https://deltanewsservice.com,Delta Digital News Service,25
https://theoglethorpeecho.com,The Oglethorpe Echo,25
https://thelantern.com,The Lantern,25
https://uiargonaut.com,The Argonaut,25
https://theimpactnews.com,The Impact,25
https://lariatnews.com,Lariat,25
https://oaklandnorth.net,Oakland North,24
https://fnewsmagazine.com,F Newsmagazine,24
https://thelumberjack.org,The Lumberjack,23
https://cu-citizenaccess.org,CU-CitizenAccess.org,22
https://iowastatedaily.com,Iowa State Daily,22
https://nycitynewsservice.com,New York City News Service,21
https://kentstatenewslab.org,https://kentstatenewslab.org/feed/,21
https://zunews.com,ZU Media,21
https://youtube.com,DU Media,21
https://thebronxjournal.com,The Bronx Journal,21
https://coyotechronicle.net,REAL NEWS BY REAL STUDENTS,20
https://richmondconfidential.org,Richmond Confidential,20
https://bunewsservice.com,Boston University News Service,20
https://reportingtexas.com,Reporting Texas,20
https://bwexponent.com,The Exponent,20
https://dominionpost.com,The Dominion Post,20
https://thecrimsonwhite.com,The Crimson White,20
https://dailynorthwestern.com,The Daily Northwestern,20
https://thedailytexan.com,The Daily Texan,20
https://michigandaily.com,The Michigan Daily,20
https://lsureveille.com,Reveille,20
https://easternprogress.com,www.easternprogress.com - RSS Results,20
https://theuiucollegian.tumblr.com,The UIU Collegian,20
https://thevalleystarnews.com,Mysite,20
https://wcwitness.com,Wilmington Witness,20
https://dailyeasternnews.com,The Daily Eastern News,20
https://stocktonargo.com,https://stocktonargo.com/feed/,20
https://thelewisflyer.com,The Flyer,20
https://thebeacontoday.com,The Beacon Today,20
https://digitalcommons.andrews.edu,Digital Commons @ Andrews University,20
https://ccnycampus.org,The Campus Magazine,20
https://crestiad.wordpress.com,News – The Crestiad,20
https://usfencounter.stfrancis.edu,USF Encounter,20
https://sundial.csun.edu,Daily Sundial,20
https://thetech.com,The MIT Tech,20
https://msmuecho.com,The Mountain Echo,20
https://caupanther1988.com,The Panther Newspaper,20
https://lcccpawprint.net,The Paw Print,20
https://willamettecollegian.com,The Collegian - Willamette University Student News,20
https://kamanaoleeward.com,Ka Mana'o,20
https://prattleronline.com,The Prattler,20
https://tommiemedia.com,TommieMedia,20
https://gracelandbuzz.org,The Graceland Buzz,20
https://blueandgoldmc.com,Blue & Gold Media | Mississippi Christian University,20
https://pineneedle.news,The Pine Needle,20
https://claremontindependent.com,ClaremontIndependent,20
https://purchasenews.org,"Student Senate Association, Inc.  PURCHASE PHOENIX",20
https://summitnews.org,The Summit,20
https://anchorweb.org,The Anchor Newspaper,20
https://snowcollegenews.com,Snow College news,20
https://bmcbeacon.com,bmcbeacon,20
https://stkateswheel.org,The Wheel,20
https://lipscombmedia.com,News - Herd Media,20
https://thebuc.org,The Buccaneer,20
https://thebarnardbulletin.com,The Barnard Bulletin,20
https://ocecho.com,The Echo,20
https://richlandstudentmedia.com,Online Only – Richland Student Media,20
https://tejanotribune.com,Tejano Tribune,20
https://collegian.bethelks.edu,The Bethel Collegian,20
https://asupawprint.wixsite.com,ThePawPrint,20
https://tropnews.com,trop,20
https://aubellringer.com,The Bell Ringer,20
https://theconcordian.org,The Concordian,20
https://monmouthcollegecourier.org,The Monmouth College Courier,20
https://campuschroniclenews.com,The Campus Chronicle,20
https://belmontvision.com,Belmont Vision,20
https://snuecho.org,The Echo,20
https://umassdtorch.com,UMass Dartmouth’s Student Newspaper,20
https://theheraldtimes.com,The Herald Times,20
https://thecampuslantern.com,The Campus Lantern,20
https://hwctheherald.com,The Herald at HWC,20
https://digitalcommons.csp.edu,DigitalCommons@CSP,20
https://thecollegevoice.org,The College Voice,20
https://liberty.edu,"Liberty alumnus leads security efforts in fight against drugs, illegal weapons, and trafficking in Caribbean nation | Liberty News",20
https://muwspectator.com,MUW Spectator,20
https://hsuoracle.com,HSU Oracle - Marketing IA,20
https://fsugatepost.com,The Gatepost,20
https://thesuflyer.com,The Flyer,20
https://visionsnewspaper.com,Visions,20
https://eagleview.news.blog,Eagle View Blog & Community Media,20
https://sxustudentmedia.com,News Archives - SXU Student Media,20
https://ruhighlander.org,The Regis Highlander,20
https://ucsdguardian.org,The UCSD Guardian,20
https://xtown.la,Crosstown,19
https://canalsidechronicles.com,Canalside Chronicles,19
https://kwustudentmedia.com,News - KWUStudentMedia,19
https://templelogancenter.org,Logan Center for Urban Investigative Reporting,18
https://vikingfusion.com,Viking Fusion,18
https://columbiachronicle.com,The Columbia Chronicle,17
https://thedavidsonian.news,Davidsonian,17
https://mvccglacier.com,News – Moraine Valley Community College,17
https://lindenlink.com,Lindenlink,17
https://wkuherald.com,WKUHerald.com,16
https://dbknews.com,The Diamondback,16
https://gleaner.rutgers.edu,The Gleaner,16
https://thetacomaledger.com,The Tacoma Ledger,16
https://blogs.adams.edu,The Paw Print,16
https://borderzine.com,Borderzine,15
https://lakevoicenews.org,LakeVoice - Medium,15
https://dailyutahchronicle.com,The Daily Utah Chronicle,15
https://thewatchdogonline.com,The Watchdog,15
https://the-college-reporter.com,THE COLLEGE REPORTER,15
https://reflector.uindy.edu,The Reflector,15
https://lutherchips.com,News – Luther College Chips,15
https://thetriangle.org,The Triangle,15
https://lhueagleeye.com,The Eagle Eye,15
https://newmanvantage.com,The Vantage,15
https://amherststudent.com,The Amherst Student,15
https://augiemirror.news,The Augustana Mirror,15
https://basementmedicine.org,Basement Medicine,15
https://komu.com,www.komu.com - RSS Results of type article with keyword(s) of #topstory,14
https://thesunflower.com,The Sunflower,14
https://dailyorange.com,The Daily Orange,14
https://thehoya.com,The Hoya,14
https://gwu-today.com,GWU-Today,14
https://milliganstampede.com,Milligan Stampede,14
https://mountobserver.com,The Mount Observer,14
https://commuterncc.com,My Site,14
https://270stories.mymurraystate.com,270 Stories,13
https://annenberg.usc.edu,USC Annenberg,13
https://news7newslinc.net,NewsLINC - Latest News,13
https://kykernel.com,Kentucky Kernel,13
https://stmurattlernew.com,Page not found – The Rattler Online,13
https://arnoltcenter.org,Arnolt Center for Investigative Journalism,12
https://themiamihurricane.com,The Miami Hurricane,12
https://psucollegian.com,The Daily Collegian,12
https://insight.daemen.edu,News – The Insight,12
https://thewoodword.org,The Wood Word,12
https://carolinianuncg.com,THE CAROLINIAN,12
https://mcccvoice.org,The College VOICE,12
https://elvaq.com,El Vaquero,12
https://bachelor.wabash.edu,The Bachelor,12
https://aum.edu,AUM,12
https://panthernow.com,PantherNOW,12
https://theonlineclarion.com,The Clarion,12
https://tmn.truman.edu,TMN,12
https://arapahoenews.com,The Arapahoe Pinnacle,12
https://trail.pugetsound.edu,The Trail,12
https://thedmonline.com,The Daily Mississippian,11
https://thebatt.com,The Battalion,11
https://bcheights.com,The Heights,11
https://thecritograph.com,https://thecritograph.com/feed/,11
https://mossylog.org,The Mossy Log,11
https://pointparknewsservice.org,Point Park News Service,10
https://fitchburgpoint.com,The Point,10
https://communitywire.miami,CommunityWire.Miami,10
https://oxfordobserver.org,Oxford Observer,10
https://catalystjournalism.uoregon.edu,UO Catalyst Journalism Project,10
https://ctcommunitynews.org,CT Community News,10
https://lsucoldcaseproject.com,LSU Cold Case Project,10
https://wgcu.org,Democracy Watch,10
https://freshtakegeorgia.org,Fresh Take Georgia,10
https://msufoodfix.wordpress.com,The Food Fix,10
https://indearizona.com,nan,10
https://tccjtsu.com,Texas Center For Community Journalism,10
https://clarkcommunityjournalism.wordpress.com,Urban Community Journalism Class Blog,10
https://massnewsservice.org,Massachusetts News Service,10
https://flourishingfresno.com,Flourishing Fresno,10
https://thefamuanonline.com,The FAMUAN,10
https://dailycal.org,www.dailycal.org - RSS Results,10
https://loyolamaroon.com,The Maroon,10
https://bowiesun.com,Patch Labs,10
https://thedailyaztec.com,The Daily Aztec,10
https://citynewsroomcjs.com,City Newsroom,10
https://pleasantvillepress.com,Pleasantville Press,10
https://usustatesman.com,The Utah Statesman,10
https://collegian.tccd.edu,The Collegian,10
https://philadelphianeighborhoods.com,Philadelphia Neighborhoods,10
https://dailyevergreen.com,The Daily Evergreen,10
https://smudailycampus.com,The Daily Campus,10
https://orangemedianetwork.com,Orange Media Network,10
https://tulanehullabaloo.com,The Tulane Hullabaloo,10
https://nebraskanewsservice.net,www.nebraskanewsservice.net - RSS Results,10
https://pavementpieces.com,Pavement Pieces,10
https://chicagotalks.colum.edu,ChicagoTalks,10
https://theallstate.org,The All State,10
https://depauliaonline.com,The DePaulia,10
https://westtexastribune.org,West Texas Tribune,10
https://coopersquared.com,Cooper Squared,10
https://reflector-online.com,The Reflector,10
https://wesleyanargus.com,The Wesleyan Argus,10
https://behrendbeacon.com,The Behrend Beacon,10
https://whetstone.victorgreto.art,Whetstone,10
https://thepatriottalon.com,The Patriot Talon,10
https://northernreview.org,Northern Review,10
https://advocate.jbu.edu,Threefold Advocate - JBU Student Newspaper,10
https://creightonian.com,Creightonian,10
https://thewheatonrecord.com,The Wheaton Record,10
https://murraystatenews.org,The Murray State News,10
https://thehunterenvoy.org,The Envoy,10
https://thedelphian.com,The Delphian,10
https://etownian.com,The Etownian,10
https://rutartan.com,the Tartan,10
https://mcquad.org,The Quadrangle,10
https://bcccurrent.com,The Current,10
https://theoccidentalnews.com,The Occidental,10
https://louisvillecardinal.com,The Louisville Cardinal,10
https://thethielensian.wordpress.com,THIELENSIAN,10
https://sites.psu.edu,The Roar,10
https://blogs.farmingdale.edu,The Dale News,10
https://champlaincrossover.org,The Crossover,10
https://sentrynewspaper.com,The Sentry,10
https://smcmpointnews.wordpress.com,The Point News,10
https://codcourier.org,The Courier,10
https://cluecho.com,The Echo,10
https://berkeleybeacon.com,The Berkeley Beacon,10
https://thesewaneepurple.org,https://thesewaneepurple.org/feed/,10
https://stevensonvillager.com,Stevenson Villager,10
https://muleskinnernews.com,Muleskinner,10
https://hendrixprofile.wordpress.com,The Profile,10
https://thekilikilik.wordpress.com,The Kilikilik,10
https://retrogradenews.com,The Retrograde,10
https://criernewsroom.com,The Saint Anselm Crier,10
https://thewesternerwne.com,The Westerner,10
https://mainecampus.com,The Maine Campus,10
https://sites.jsums.edu,The Blue & White Flash,10
https://theksusentinel.com,The Sentinel,10
https://marshallparthenon.com,The Parthenon,10
https://communicatoronline.org,The Communicator,10
https://doaneline.com,Doaneline,10
https://brackety-ack.com,The Brackety-Ack,10
https://fredonialeader.org,The Leader,10
https://crusadernews.com,Crusader News,10
https://quinnews.com,The Quindecim,10
https://arbiteronline.com,The Arbiter,10
https://uatrav.com,www.uatrav.com - RSS Results,10
https://rmusentrymedia.com,RMU Sentry Media,10
https://uisobserver.com,The Observer,10
https://bccircuit.com,The Circuit,10
https://thechronicleclc.com,The Chronicle,10
https://fscsouthern.com,The Southern Newspaper,10
https://ccm.edu,County College of Morris (CCM),10
https://iuknews.org,The Correspondent,10
https://woffordogb.com,Old Gold & Black,10
https://rusentinel.com,The Sentinel,10
https://goldengatexpress.org,Golden Gate Xpress,10
https://fscollegian.com,The Collegian,10
https://statehornet.com,The State Hornet,10
https://thelamponline.com,The Lamp,10
https://spartanecho.org,Spartan Echo,10
https://hccegalitarian.com,The Egalitarian,10
https://unethebolt.com,The Bolt,10
https://paisano-online.com,The Paisano,10
https://patriotnewsonline.com,The Patriot,10
https://theorion.com,The Orion,10
https://sixmilepost.com,Six Mile Post,10
https://bhsumedia.com,BHSU Media,10
https://uwfvoyager.com,The Voyager,10
https://pulse.messiah.edu,The Pulse,10
https://ppuglobe.com,Point Park Globe,10
https://commentbsu.com,The Comment,10
https://penmenpress.com,Penmen Press,10
https://thebcroadrunner.com,THE ROADRUNNER,10
https://andersonian.com,The Andersonian,10
https://themacweekly.com,The Mac Weekly,10
https://piedmontroar.com,The Roar,10
https://thekeystonenews.com,Keystone Newspaper,10
https://spectator.mcpherson.edu,The Spectator,10
https://thehighlandernews.org,The Highlander,10
https://royalpurplenews.com,Royal Purple,10
https://thesandb.com,The Scarlet & Black,10
https://tsl.news,The Student Life,10
https://technicianonline.com,Technician,10
https://marlinchronicle.batten.edu,The Marlin Chronicle,10
https://daytonastateinmotion.com,Daytona State In Motion,10
https://bucks-news.com,The Centurion,10
https://hamlineoracle.com,The Oracle,10
https://ksuthorobrednews.org,Thorobred News,10
https://cbubanner.com,The Banner,10
https://belltower.mtaloy.edu,The Belltower,10
https://sac.media,SAC Media,10
https://themsuspokesman.com,The Spokesman,10
https://rutorch.wordpress.com,The Torch,10
https://thebroadsideonline.com,The Broadside,10
https://thehartfordinformer.com,The Informer,10
https://suunews.net,SUU News,10
https://kcroonews.com,Roo News,10
https://wuforummedia.com,The Forum,10
https://psucollegio.com,The Collegio,10
https://trinitonian.com,Trinitonian,10
https://thesuffolkjournal.com,The Suffolk Journal,10
https://sdsucollegian.com,The Collegian,10
https://isubengal.com,The Bengal,10
https://cuatower.com,https://cuatower.com/feed/,10
https://topotheworld.org,Top o’ The World,10
https://thesojourn.online,The Sojourn,10
https://thegreyhound.org,The Greyhound,10
https://trevechoesonline.com,TrevEchoes Online,10
https://vanguard.blog.brooklyn.edu,The Brooklyn College Vanguard,10
https://knightnews.com,KnightNews.com,10
https://civiewnews.com,The CI View,10
https://mcadvocate.com,the advocate,10
https://decaturian.com,The Decaturian,10
https://jalcvol.com,The Volunteer,10
https://theithacan.org,The Ithacan,10
https://ualr.edu,The Forum,10
https://scadconnector.com,The Connector,10
https://thescenefp.com,The Scene,10
https://thenichollsworth.com,the nicholls worth,10
https://sjuhawknews.com,The Hawk News,10
https://yorkpbnews.net,https://yorkpbnews.net/feed/,10
https://thecbctower.com,https://www.thecbctower.com/feed/,10
https://chicagomaroon.com,Chicago Maroon,10
https://astatetheherald.com,THE HERALD,10
https://bvtack.com,The Tack Online,10
https://thegeorgeanne.com,The George-Anne Media Group,10
https://siskiyou.sou.edu,The Siskiyou,10
https://columnsfairmontstate.com,The Columns,10
https://theticker.org,The Ticker,10
https://bannernews.org,Banner News,10
https://nmsuroundup.com,NMSU Round Up,10
https://thesouthtexan.com,The South Texan,10
https://buvoice.com,The Voice,10
https://thespringhillian.com,The SpringHillian,10
https://sonomastatestar.com,Sonoma State Star,10
https://caspercollegechinook.com,Casper College Chinook,10
https://shawneestatechronicle.com,Chronicle,10
https://thesamfordcrimson.com,The Samford Crimson,10
https://therambler.org,The Rambler,10
https://utdailybeacon.com,The Daily Beacon,10
https://pscpioneer.com,The Pioneer,10
https://meramecmontage.com,The Montage,10
https://coyotestudentnews.com,Coyote Student News at the College of Southern Nevada,10
https://mcccagora.com,Mcccagora,10
https://olafmessenger.com,The Olaf Messenger,10
https://sacsundial.com,The Sundial,10
https://lpcexpressnews.com,The Express,10
https://villanovan.com,The Villanovan,10
https://csusmchronicle.com,The Cougar Chronicle,10
https://thelcbridge.com,The Bridge,10
https://cairn.edu,Cairn University,10
https://75.2.70.176,Chadron State College News,10
https://theskylineview.com,The Skyline View,10
https://tucampusdigest.com,TU Campus Digest,10
https://thehuskyherald.com,The Husky Herald,10
https://collegian.com,The Rocky Mountain Collegian,10
https://mustangbuzz.net,The Mustang Buzz,10
https://cedars.cedarville.edu,Cedars,10
https://ccctimes.news,Camden County College Times,10
https://acuoptimist.com,The Optimist,10
https://thechartonline.com,The Chart,10
https://comenian.org,The Comenian,10
https://lionsprideonline.com,The Lions' Pride Newspaper,10
https://thecenturytimes.com,The Century Times,10
https://elginobserver.com,Observer,10
https://vtcynic.com,The Vermont Cynic,10
https://esubulletin.com,The Bulletin,10
https://pacechronicle.com,THE PACE CHRONICLE,10
https://umlconnector.com,The Connector,10
https://videtteonline.com,www.videtteonline.com - RSS Results,10
https://fairfieldmirror.com,The Fairfield Mirror,10
https://everettclipper.com,The Clipper,10
https://dailybaro.orangemedianetwork.com,The Daily Barometer,10
https://thetritonreview.com,The Triton Review,10
https://bcvoice.org,BCVoice,10
https://nittanypride.wordpress.com,The Nittany Pride,10
https://eccunion.com,El Camino College The Union,10
https://theknoxstudent.org,The Knox Student,10
https://concordiensis.com,Concordiensis,10
https://duclarion.com,The Denver Clarion,10
https://shuspectrum.com,The Spectrum Newspaper,10
https://belmontabbeycollege.edu,Belmont Abbey College,10
https://earlhamword.com,Earlham Word,10
https://holmescc.edu,Holmes Community College,10
https://byuiscroll.org,BYU-Idaho Scroll,10
https://thefrontpagefrcc.com,The Front Page,10
https://eastfieldnews.com,The Et Cetera,10
https://jaguarstudentmedia.org,Jaguar Student Media,10
https://jagmedia.org,Jag Media,10
https://deltacollegian.net,The Collegian,10
https://sntimes.wordpress.com,St. Norbert Times,10
https://trinitytripod.com,Trinity Tripod,10
https://defender.smcvt.edu,The Defender,10
https://duquesneduke.org,The Duquesne Duke,10
https://thevermilion.net,The Vermilion,10
https://gc3media.net,GC3 MEDIA,10
https://msuexponent.com,www.msuexponent.com - RSS Results,10
https://hilltop.corban.edu,Hilltop News,10
https://themuddraker.org,The Muddraker,10
https://thevirginiastatesman.com,The Virginia Statesman,10
https://spectator.cuchicago.edu,The Spectator,10
https://thewellesleynews.com,The Wellesley News,10
https://thepatriotpresscf.com,The Patriot Press,10
https://uaswhalesong.com,WHALESONG,10
https://elmhurstleader.com,The Leader,10
https://viewpointsonline.org,Viewpoints,10
https://bergentorch.org,The Torch,10
https://mndaily.com,The Minnesota Daily,10
https://ironbladenews.com,Iron Blade,10
https://njitvector.com,The Vector,10
https://millsapspandw.wordpress.com,The Purple and White,10
https://supicket.com,https://supicket.com/feed/,10
https://thefordhamram.com,The Fordham Ram,10
https://observer.necc.mass.edu,NECC Observer,10
https://iwuargus.com,The Argus,10
https://thesaintaq.com,The Saint,10
https://fulcrumnewspaper.wpcomstaging.com,https://fulcrumnewspaper.wpcomstaging.com/feed/,10
https://harbinger.media,The Harbinger,10
https://dailytitan.com,dailytitan.com - RSS Results,10
https://oaktonoccurrence.com,Occurrence,10
https://uwpexponent.com,Exponent,10
https://marcolian.com,https://www.marcolian.com/?feed=rss2,10
https://tntechoracle.com,The Oracle,10
https://matctimes360.com,MATC Times,10
https://sites.austincc.edu,ACCENT,10
https://ccbcconnection.com,CCBC Connection,10
https://nlcnewsregister.com,News-Register,10
https://urbanvibenews.com,| Urban Vibe,10
https://passthebuc.com,The Buccaneer,10
https://mtulode.com,The Lode,10
https://cuchimes.com,The Chimes,10
https://winonan.org,The Winonan,10
https://thesandspur.org,The Sandspur,10
https://ecorsair.pensacolastate.edu,eCorsair,10
https://troubadour.francis.edu,Troubadour,10
https://eaglenews.org,Eagle Media,10
https://thecurrent-online.net,The Current,10
https://viewfindergv.com,Viewfinder Media,10
https://thewaynestater.com,The Wayne Stater,10
https://thehofstrachronicle.com,The Hofstra Chronicle,10
https://theminaretonline.org,https://theminaretonline.org/feed/,10
https://cardinalpointsonline.com,Cardinal Points,10
https://uproarcsu.com,The Uproar,10
https://wpitechnews.com,WPI Tech News,10
https://wou.edu,Western Oregon University,10
https://unkantelope.com,The Antelope,10
https://themetropolitan.metrostate.edu,https://themetropolitan.metrostate.edu/feed/,10
https://thevarsitynews.net,University of Detroit Mercy (VN),10
https://theracquet.org,The Racquet Press,10
https://lance.evangelvalormedia.com,EU Valor Media News,10
https://nicsentinel.com,The Sentinel,10
https://pulse.findlay.edu,The Pulse,10
https://ucpatriotnews.com,The Patriot,10
https://hccollegian.net,The Hastings College Collegian,10
https://norwichguidon.org,The Guidon,10
https://uptownexchange.wordpress.com,The UPTOWN EXCHANGE,10
https://lavozdeanza.com,La Voz News,10
https://ecc-cornerstone.com,ECC Cornerstone,10
https://piedmontforum.com,The Forum,10
https://leprovoc.com,Le Provocateur,10
https://ducourtbouillon.com,Courtbouillon,10
https://trojan-times.com,The Trojan Times,10
https://makomedia.nova.edu,Mako News,10
https://hcspire.com,The Spire,10
https://theknightnews.com,The Knight News,10
https://torchonline.com,The Torch,10
https://owutranscript.com,The Transcript,10
https://thecampusvoice.wordpress.com,The Campus Voice,10
https://easttennessean.com,East Tennessean,10
https://timesdelphic.com,The Times-Delphic,10
https://therip.com,The Renegade Rip,10
https://mesapress.com,The Mesa Press,10
https://stoutonia.com,Stoutonia,10
https://vanderbilthustler.com,The Vanderbilt Hustler,10
https://gracesoundingboard.wordpress.com,The Sounding Board,10
https://thegrcurrent.com,The Current,10
https://thebluebanner.net,The Blue Banner,10
https://thepolypost.com,The Poly Post,10
https://theeasterner.org,The Easterner,10
https://guilfordian.com,The Guilfordian,10
https://thenorthwindonline.com,The North Wind,10
https://thesouthernnews.org,Southern News,10
https://thedickinsonian.com,The Dickinsonian,10
https://mirrornews.hfcc.edu,Mirror News,10
https://campustimes.org,Campus Times,10
https://sites.miamioh.edu,Miami Regionals Pulse News,10
https://thebrownandwhite.com,All the Lehigh University News First - The Brown and White,10
https://muhlenbergweekly.com,The Muhlenberg Weekly,10
https://simmonsvoice.com,The Simmons Voice,10
https://albionpleiad.com,The Albion College Pleiad Online,10
https://oracle.newpaltz.edu,The New Paltz Oracle,10
https://insiderupg.com,The Insider,10
https://upressonline.com,FAU University Press,10
https://williamsrecord.com,The Williams Record,10
https://huntingdon.edu,Huntingdon College,10
https://reporter.rit.edu,Reporter Magazine,10
https://thewestgeorgian.com,The West Georgian,10
https://westerncarolinian.com,The Western Carolinian,10
https://arcurrent.com,The American River Current,10
https://blogs.ucmerced.edu,The Prodigy,10
https://chathamcommunique.com,Communiqué,10
https://gmufourthestate.com,Fourth Estate,10
https://lionsroarnews.com,The Lion's Roar,10
https://dailycollegian.com,Massachusetts Daily Collegian,10
https://thecrite.com,The Criterion,10
https://unlvscarletandgray.com,UNLV Scarlet and Gray,10
https://washburnreview.org,The Washburn Review,10
https://uws-promethean.com,The Promethean,10
https://maryvillepawprint.com,Maryville Pawprint,10
https://castletonspartan.com,Castleton Spartan,10
https://ccprospector.com,The Prospector,10
https://scaddistrict.com,District,10
https://swcsun.org,SWC The Sun Newspaper,10
https://thunderword.highline.edu,Thunderword,10
https://thetowerlight.com,https://thetowerlight.com/feed/,10
https://campusecho.com,Campus Echo Online,10
https://calvinchimes.org,Calvin University Chimes,10
https://eaglevoice.com,Kirkwood Communiqué,10
https://thevoiceofeou.com,The Voice,10
https://thehudsonian.org,The Hudsonian,10
https://alleghenycampus.com,The Campus,10
https://usforacle.com,The Oracle,10
https://ntcceagleonline.com,The Eagle,10
https://the-tartan.org,The Tartan,10
https://carrollnews.org,The Carroll News,10
https://thedrewacorn.com,The Drew Acorn,10
https://thecowl.com,The Cowl,10
https://sbstatesman.com,The Statesman,10
https://oaklandpostonline.com,The Oakland Post,10
https://whitetopper.weebly.com,THE WHITETOPPER - News,10
https://thecarletonian.com,The Carletonian,10
https://ncatregister.com,The A&T Register,10
https://rutgersobserver.wordpress.com,https://rutgersobserver.wordpress.com/feed/,10
https://thesimpsonian.com,The Simpsonian,10
https://lsscangler.com,The Angler,10
https://crown.kings.edu,The Crown,10
https://myclarionnews.wordpress.com,Myclarionnews.com,10
https://theusdvista.com,The USD Vista,10
https://kentstater.com,KentStater,10
https://tcu360.com,TCU 360,10
https://ncclinked.com,NCClinked,10
https://hutchcollegian.com,The Hutchinson Collegian,10
https://uwmpost.com,UWM Post,10
https://tccconnection.com,The TCC Connection,10
https://ursinusgrizzly.com,The Grizzly,10
https://cnuclog.com,The Captain's Log,10
https://ringtumphi.net,The Ring-tum Phi,10
https://pikespeakpaper.org,The Echo,10
https://bgfalconmedia.com,BG Falcon Media,10
https://advancetitan.com,The Advance-Titan,10
https://gcsummit.com,The Summit,10
https://rvcvalleyforge.com,https://www.rvcvalleyforge.com/index.php/feed/,10
https://oruoracle.com,The Oracle,10
https://thebruinnews.com,The Bruin News,10
https://huntnewsnu.com,The Huntington News,10
https://ungvanguard.org,Vanguard,10
https://tucollegian.org,The Collegian,10
https://uvureview.com,UVU REVIEW,10
https://mytjnow.com,My TJ Now,10
https://thewhitonline.com,The Whit,10
https://wfuogb.com,Old Gold & Black,10
https://collegianonline.com,The Collegian,10
https://northerniowan.com,Northern Iowan,10
https://pimapost.com,Pima Post,10
https://thebakerorange.com,The Baker Orange,10
https://seattlespectator.com,The Spectator,10
https://blufftonwit.com,The Witmarsum,10
https://alcivia.com,ALCIVIA,10
https://index.kzoo.edu,The Index,10
https://umassmedia.com,The Mass Media,10
https://bowdoinorient.com,The Bowdoin Orient,10
https://vutrailblazernews.com,The Trailblazer,10
https://thebridgestudentnews.com,The Bridge News,10
https://thepacepress.org,The Pace Press,10
https://sunnewsdaily.com,Sun News Daily,10
https://enmuthechaseonline.com,ENMU The Chase Online,10
https://iushorizon.com,The Horizon,10
https://statementmga.wpcomstaging.com,https://statementmga.wpcomstaging.com/feed/,10
https://scribe.uccs.edu,The Scribe,10
https://oswegonian.com,The Oswegonian,10
https://newuniversity.org,New University | UC Irvine,10
https://vanguarduniversityvoice.com,The Vanguard Voice,10
https://statesmenstatus.wordpress.com,The Statesmen Status,10
https://lbcurrent.com,Long Beach Current,10
https://redhawkpost.com,The Redhawk Post,10
https://mercyhurst.edu,Mercyhurst,10
https://dailyemerald.com,Daily Emerald,10
https://prospectusnews.com,The Prospectus,10
https://thesophian.com,THE SOPHIAN,10
https://thegccollegian.com,The Collegian,10
https://kenyoncollegian.com,The Kenyon Collegian,10
https://rhodycigar.com,The Good 5¢ Cigar,10
https://utrgvrider.com,The Rider Newspaper,10
https://wsuvoice.com,The Westfield Voice,10
https://uticatangerine.com,The Tangerine,10
https://cwuobserver.com,The Observer,10
https://therunneronline.com,The Runner,10
https://themonitormmc.com,The Monitor,10
https://cuestonian.com,The Cuestonian,10
https://usmfreepress.org,The Free Press,10
https://buffstaterecord.com,The Record,10
https://stylusonline.org,Stylus,10
https://anchor.hope.edu,Anchor,10
https://thesignpostwsu.com,The Signpost,10
https://archesnews.com,MMU Arches,10
https://pvpanther.com,Prarie View A&M (pvpanther),10
https://thecampuscurrent.com,Campus Current,10
https://unewsonline.com,The University News,10
https://flathatnews.com,Flat Hat News,10
https://thewilsonbillboard.com,The Wilson Billboard,10
https://theindianleader.com,The Indian Leader,10
https://sffoghorn.com,San Francisco Foghorn,10
https://ipulsenews.com,iPulse News,10
https://mesquite-news.com,Mesquite-News – Texas A&M University San Antonio,10
https://thestatetimes.com,The State Times,10
https://theflorala.com,The Flor-Ala,10
https://valenciavoice.com,Valencia Voice,10
https://ashland-collegian.com,The Collegian,10
https://blogs.jccc.edu,Teaching & Learning,10
https://themaneater.com,The Maneater,10
https://thebatesstudent.com,The Bates Student,10
https://lcctorch.com,https://lcctorch.com/feed/,10
https://highlandernews.org,The Highlander Newspaper,10
https://theredlandsbulldog.com,https://theredlandsbulldog.com/index.php/feed/,10
https://universitystar.com,The University Star,10
https://averettstudentnews.org,The Chanticleer,10
https://hcctimes.org,The HCC Times,10
https://thecampustimes.com,The Campus Times,10
https://defender.defiance.edu,THE DEFIANCE COLLEGE DEFENDER,10
https://buchtelite.com,The Buchtelite,10
https://whatcomhorizon.com,The Horizon,10
https://thelinfieldreview.com,The Linfield Review,10
https://stillmannews.wordpress.com,The Advance,10
https://thenavigatornews.com,The Navigator,10
https://thescarlet.org,The Scarlet,10
https://theclackamasprint.net,The Clackamas Print,10
https://thestylus.org,The Stylus,10
https://oberlinreview.org,The Oberlin Review,10
https://tartan.gordon.edu,https://tartan.gordon.edu/feed/,10
https://lomabeat.com,The Point,10
https://transyrambler.com,The Rambler,10
https://bonfire.digital.uic.edu,https://bonfire.digital.uic.edu/feed/,10
https://wcsuecho.org,The Echo of WestConn,10
https://setonianonline.com,https://setonianonline.com/feed/,10
https://burampage.com,The Rampage,10
https://bucknellian.net,The Bucknellian,10
https://tigermedianet.com,Tiger Media Network,10
https://pcccourier.com,PCC Courier,10
https://mtsusidelines.com,MTSU Sidelines,10
https://thenubianmessage.com,The Nubian Message,10
https://gannonknight.com,THE GANNON KNIGHT,10
https://thewichitan.com,The Wichitan,10
https://thepointeruwsp.com,The Pointer,10
https://lanthorn.com,Grand Valley Lanthorn,10
https://the-new-englander.com,The New Englander eNewspaper,10
https://thehornetonline.com,The Hornet Newspaper,10
https://thefalcon.seapacmedia.com,The Falcon,10
https://ntdaily.com,www.ntdaily.com - RSS Results,10
https://volanteonline.com,The Volante,10
https://theprairienews.com,The Prairie News,10
https://bradleyscout.com,The Bradley Scout,10
https://smccollegian.org,THE COLLEGIAN - News,10
https://thewilkesbeacon.com,The Beacon,10
https://thelink.harding.edu,The Bison,10
https://langstongazette.com,The Gazette,10
https://thetrumpetwlu.org,The Trumpet,10
https://hawkeyenews.net,The Hawkeye,10
https://thevisionngu.com,The Vision Online,10
https://thelasallecollegian.com,The La Salle Collegian,10
https://sanjactimes.com,San Jacinto Times,10
https://gwhatchet.com,The GW Hatchet,10
https://thecandor.wordpress.com,The Candor,10
https://miscellanynews.org,The Miscellany News,10
https://quchronicle.com,The Quinnipiac Chronicle,10
https://bethelclarion.com,BethelClarion.Com,10
https://thetigercu.com,The Tiger,10
https://wildcatwire.culver.edu,Wildcat Wire,10
https://uabblazermedia.com,Blazer Media,10
https://fsutorch.com,The Ferris State Torch,10
https://ecthehub.org,Emmanuel College The Hub,10
https://theseahawk.org,The Seahawk,10
https://thecollegiatelive.com,The Collegiate Live,10
https://ramaponews.com,The Ramapo News,10
https://talonmarks.com,Talon Marks,10
https://oldwestburycatalyst.org,The Catalyst,10
https://lumen.viterbo.edu,Lumen,10
https://theridernews.com,The Rider News,10
https://spectatornews.com,The Spectator,10
https://thecampusjournal.com,The Campus,10
https://thebrowardcollegeobserver.com,BCO Digital Report,10
https://dailyegyptian.com,The Daily Egyptian,10
https://csusignal.com,Signal,10
https://thesilversword.com,Chaminade Silversword,10
https://ucanews.live,Bear Media,10
https://websterjournal.com,Webster Journal,10
https://brookhavencourier.com,The Brookhaven Courier,10
https://hilltopviewsonline.com,Hilltop Views,10
https://cccvoice.com,http://www.cccvoice.com/feed/,10
https://csbsjurecord.com,The Record,10
https://observer.case.edu,The Observer,10
https://whitmanwire.com,Whitman Wire,10
https://fchornetmedia.com,The Hornet,10
https://waltonian.eastern.edu,The Waltonian,10
https://thedepauw.com,The DePauw,10
https://thelutrinae.com,The Lutrinae,10
https://dailycampus.com,The Daily Campus,10
https://sdcitytimes.com,City Times,10
https://gccnewcourier.com,The New Courier,10
https://pnwpioneer.com,PNW Pioneer,10
https://lafayettestudentnews.com,The Lafayette,10
https://thevalleyvanguard.com,https://thevalleyvanguard.com/feed/,10
https://wildcat.arizona.edu,The Daily Wildcat,10
https://thejambar.com,The Jambar,10
https://studlife.com,Student Life,10
https://fsuthevoice.com,https://www.fsuthevoice.com/feed/,10
https://deltacollegiate.org,Delta Collegiate,10
https://rwuhawksherald.com,The Hawks’ Herald,10
https://blogs.millersville.edu,The Snapper,10
https://northernstar.info,Northern Star,10
https://qumedia.net,QUTV,10
https://ulmhawkeyeonline.com,The Hawkeye,10
https://cpcknightlynews.com,Knightly News | Central Penn College’s Student News Organization,10
https://cougmedia.com,CougMedia,10
https://neiuindependent.org,NEIU Independent,10
https://thesalemite.com,The Salemite,10
https://thebutlercollegian.com,The Butler Collegian,10
https://theprospectordaily.com,The Prospector,10
https://cityonahillpress.com,City on a Hill Press,10
https://marquettewire.org,Marquette Wire,10
https://theionian.org,The Ionian,10
https://thepaladin.news,The Paladin,10
https://wpubeacon.com,The Beacon,10
https://augustanaobserver.com,Augustana Observer,10
https://gargoyle.flagler.edu,The Flagler College Gargoyle,10
https://mustangnews.net,Mustang News,10
https://thepioneeronline.com,The Pioneer,10
https://haverfordclerk.com,The Clerk,10
https://dvcinquirer.com,The Inquirer,10
https://weekly.blog.gustavus.edu,The Gustavian Weekly,10
https://unfspinnaker.com,UNF Spinnaker,10
https://yjpaper.org,The Yellow Jacket,10
https://augsburgecho.com,The Echo,10
https://crowdersentry.net,Crowder Sentry,10
https://nevadasagebrush.com,The Nevada Sagebrush,10
https://troubonline.com,https://troubonline.com/feed/,10
https://universitychron.com,University Chronicle,10
https://dailyfreepress.com,The Daily Free Press,10
https://schoolcraftconnection.com,Schoolcraft Connection,10
https://eldonnews.org,el Don News,10
https://asuhornettribune.com,The Hornet Tribune,10
https://sm2media.com,SM2,10
https://usishield.com,The Shield,10
https://thestroudcourier.com,https://thestroudcourier.com/feed/,10
https://xavierherald.com,The Xavier Herald,10
https://horizon.westmont.edu,The Horizon,10
https://seahawksquawk.com,The Squawk,10
https://cychron.cypresscollege.edu,"The Cypress Chronicle – A First Amendment Publication in Cypress, California",10
https://obusignal.com,The OBU Signal,10
https://usjnewsnest.com,USJ News Nest,10
https://flyernews.com,Flyer News: Univ. of Dayton's Student Newspaper,10
https://johnjaysentinel.com,The Sentinel,10
https://badgerherald.com,The Badger Herald,10
https://peacetimesmedia.com,Peace Times Media,10
https://warhawknews.calhoun.edu,Warhawk News,10
https://theoakleafnews.com,The Oak Leaf,10
https://thecolgatemaroonnews.com,The Colgate Maroon-News,10
https://plymouth.edu,The Clock,10
https://nvulyndoncritic.com,The Critic,10
https://theweathervane.org,The Weather Vane,10
https://ccclarion.com,https://www.ccclarion.com/feed/,9
https://acmagazine.austincollege.edu,Austin College Magazine,9
https://thebsuspectrum.com,The Spectrum,9
https://northwesternnews.rangerpulse.com,Northwestern News,9
https://purdueexponent.org,The Purdue Exponent,8
https://themontclarion.org,The Montclarion,8
https://retriever.umbc.edu,The Retriever,8
https://thesoutheastern.com,The Southeastern,8
https://thebannercsi.com,The Banner Newspaper,8
https://lyonhighlander.com,The Highlander,8
https://talon.news,Talon News,8
https://columbiamissourian.com,www.columbiamissourian.com - RSS Results of type article with keyword(s) of #topstory,7
https://cardinalandcream.info,Cardinal & Cream,7
https://oudaily.com,The Oklahoma Daily,6
https://sinclairclarion.com,The Clarion,6
https://ncfcatalyst.com,The Catalyst,6
https://roundtable.beloit.edu,The Round Table,6
https://pioneerpress.online,The Pioneer Press,5
https://mdcthereporter.com,The Reporter: The Student Newspaper at Miami Dade College,5
https://blcscroll.wordpress.com,The Scroll,5
https://thepacer.net,The Pacer,5
https://westminstercolumns.wordpress.com,The Columns,5
https://catawbapioneer.com,The Pioneer,5
https://scstudentmedia.com,The Springfield Student,5
https://csudhbulletin.com,The Bulletin,5
https://thehilltoponline.com,The Hilltop,5
https://newschoolfreepress.com,The New School Free Press,5
https://colbyecho.news,The Colby Echo,5
https://bryantriangle.com,The Triangle,5
https://exponentnsu.wordpress.com,The Exponent,5
https://uwrfvoice.com,uwrfvoice.com,5
https://lbcommuter.com,The Commuter,5
https://pubgen-form-builder.vercel.app,QCity Metro Latest News,4
https://universe.byu.edu,Home,4
https://dailynebraskan.com,The Daily Nebraskan,4
https://theblueandgrey.com,The Blue and Grey,4
https://mountmercytimes.home.blog,Mount Mercy Times,4
https://hilltopmonitor.jewell.edu,The Hilltop Monitor,4
https://advocate-online.net,The Advocate Online,4
https://commonwealthtimes.org,The Commonwealth Times,3
https://stentornews.com,the Stentor,3
https://kstatecollegian.com,Kansas State Collegian,3
https://twulasso.com,The Lasso,3
https://theonlinerocket.com,The Rocket,2
https://njstatenews.com,NJ STATE HOUSE NEWS SERVICE,1
https://medialabfau.com,Florida Atlantic U. News,1
https://record.goshen.edu,The Record,1
https://kutower.com,THE TOWER,1
https://wordpress.morningside.edu,The Collegian Reporter,1
https://thealmagest.org,Almagest at LSUS,1
