publication,slug,corpus_file,story_count,total_words,earliest_story,latest_story
The NewsHouse,the-newshouse,publication_corpora/the-newshouse.txt,380,265476,2026-02-05T05:00:00+00:00,"Wed, 29 Oct 2025 04:00:00 +0000"
The Daily Iowan,the-daily-iowan,publication_corpora/the-daily-iowan.txt,137,87711,2026-02-02T06:17:37Z,"Wed, 04 Feb 2026 15:20:28 +0000"
The Seattle Medium,the-seattle-medium,publication_corpora/the-seattle-medium.txt,120,96350,2026-03-18T14:30:00+00:00,"Wed, 04 Feb 2026 16:35:00 +0000"
Voice of OC,voice-of-oc,publication_corpora/voice-of-oc.txt,105,86115,2026-03-11T08:28:19+00:00,"Wed, 28 Jan 2026 21:25:53 +0000"
Caplin News,caplin-news,publication_corpora/caplin-news.txt,103,41319,2026-03-17T13:58:36+00:00,"Wed, 04 Feb 2026 18:17:13 +0000"
Amplify Utah - The Story Room,amplify-utah-the-story-room,publication_corpora/amplify-utah-the-story-room.txt,102,104418,2021-04-23T16:52:55+00:00,2026-05-03T23:57:29+00:00
Daily Trojan,daily-trojan,publication_corpora/daily-trojan.txt,100,140108,2026-04-28T07:00:34+00:00,2026-06-17T07:30:46+00:00
Indiana Daily Student,indiana-daily-student,publication_corpora/indiana-daily-student.txt,100,53988,2014-04-07,2026-06-22
The Daily Pennsylvanian,the-daily-pennsylvanian,publication_corpora/the-daily-pennsylvanian.txt,100,65595,2026-04-29,2026-06-22
The Dartmouth,the-dartmouth,publication_corpora/the-dartmouth.txt,100,90425,2026-04-16,2026-06-17
The State News,the-state-news,publication_corpora/the-state-news.txt,100,73421,2022-11-18,2026-06-22
The Cornell Daily Sun,the-cornell-daily-sun,publication_corpora/the-cornell-daily-sun.txt,99,86217,2026-03-16,2026-06-21
Cronkite News,cronkite-news,publication_corpora/cronkite-news.txt,92,94992,2026-03-16T21:26:29+00:00,"Wed, 28 Jan 2026 20:42:51 +0000"
The Daily Gamecock,the-daily-gamecock,publication_corpora/the-daily-gamecock.txt,82,63566,2026-04-06,2026-05-20
The Johns Hopkins News-Letter,the-johns-hopkins-news-letter,publication_corpora/the-johns-hopkins-news-letter.txt,79,60956,2026-03-07,2026-05-26
Purple Media Network,purple-media-network,publication_corpora/purple-media-network.txt,76,35560,2026-02-04T15:00:53Z,2026-05-27T14:56:00+00:00
The Independent Florida Alligator,the-independent-florida-alligator,publication_corpora/the-independent-florida-alligator.txt,74,56755,2026-01-08,2026-06-18
Wisconsin Watch,wisconsin-watch,publication_corpora/wisconsin-watch.txt,69,71724,2026-03-10T11:00:00+00:00,"Wed, 04 Feb 2026 13:00:00 +0000"
Capitol News Illinois,capitol-news-illinois,publication_corpora/capitol-news-illinois.txt,68,76791,2026-03-16T20:00:18+00:00,"Wed, 28 Jan 2026 18:04:03 +0000"
Milwaukee Neighborhood News Service,milwaukee-neighborhood-news-service,publication_corpora/milwaukee-neighborhood-news-service.txt,60,44124,2026-04-15T11:52:34+00:00,"Wed, 28 Jan 2026 23:27:18 +0000"
Grady Newsource,grady-newsource,publication_corpora/grady-newsource.txt,59,30410,2026-03-03T14:00:25+00:00,"Wed, 21 Jan 2026 14:00:23 +0000"
The Daily Cardinal,the-daily-cardinal,publication_corpora/the-daily-cardinal.txt,59,44024,2026-05-03,2026-06-19
Carolina News and Reporter,carolina-news-and-reporter,publication_corpora/carolina-news-and-reporter.txt,58,46707,2026-03-06T16:38:12+00:00,"Wed, 03 Dec 2025 18:46:53 +0000"
LSU Manship School Statehouse Bureau,lsu-manship-school-statehouse-bureau,publication_corpora/lsu-manship-school-statehouse-bureau.txt,58,9047,2026-02-21T00:32:49+00:00,"Wed, 18 Jun 2025 02:20:13 +0000"
The Eudora Times,the-eudora-times,publication_corpora/the-eudora-times.txt,58,25577,2026-01-27T14:59:30Z,"Wed, 04 Feb 2026 16:43:43 +0000"
Howard University News Service,howard-university-news-service,publication_corpora/howard-university-news-service.txt,54,37913,2026-03-07T19:14:42+00:00,"Wed, 28 Jan 2026 23:02:43 +0000"
The Houstonian,the-houstonian,publication_corpora/the-houstonian.txt,53,25806,2026-02-04T16:31:54Z,"Tue, 27 Jan 2026 20:21:28 +0000"
The Northerner,the-northerner,publication_corpora/the-northerner.txt,51,41373,2026-02-03T20:13:31Z,"Wed, 28 Jan 2026 18:07:32 +0000"
Arizona Sonoran News,arizona-sonoran-news,publication_corpora/arizona-sonoran-news.txt,50,39063,2026-03-06T23:54:12+00:00,"Wed, 28 Jan 2026 18:43:52 +0000"
The Catalyst,the-catalyst,publication_corpora/the-catalyst.txt,50,47504,2026-04-03T11:00:00+00:00,2026-05-08T04:02:25+00:00
The Macon Newsroom,the-macon-newsroom,publication_corpora/the-macon-newsroom.txt,49,22485,2026-02-04T18:09:16Z,"Wed, 21 Jan 2026 21:52:00 +0000"
www.thedaonline.com - RSS Results of type article,www-thedaonline-com-rss-results-of-type-article,publication_corpora/www-thedaonline-com-rss-results-of-type-article.txt,49,21930,2026-06-04T17:48:00+00:00,2026-06-20T21:05:00+00:00
CNS Maryland,cns-maryland,publication_corpora/cns-maryland.txt,48,34641,2026-03-11T20:15:55+00:00,"Wed, 28 Jan 2026 14:20:53 +0000"
Easton Courier,easton-courier,publication_corpora/easton-courier.txt,47,12156,2026-02-26T16:00:00+00:00,"Wed, 28 Jan 2026 16:00:00 +0000"
The Southern Accent,the-southern-accent,publication_corpora/the-southern-accent.txt,47,40961,2026-03-03T17:00:00+00:00,"Wed, 04 Feb 2026 04:02:53 +0000"
9th Street Journal,9th-street-journal,publication_corpora/9th-street-journal.txt,45,41128,2026-03-04T05:26:56+00:00,"Tue, 27 Jan 2026 15:17:20 +0000"
University Times,university-times,publication_corpora/university-times.txt,45,42707,2026-02-27T18:00:30+00:00,"Wed, 28 Jan 2026 22:37:26 +0000"
Politics & Policy Archives - Cronkite News,politics-policy-archives-cronkite-news,publication_corpora/politics-policy-archives-cronkite-news.txt,44,48992,2026-02-24T18:27:04+00:00,"Wed, 28 Jan 2026 02:00:39 +0000"
www.dailygazette.com - RSS Results in spotlightnews of type article,www-dailygazette-com-rss-results-in-spotlightnews-of-type-article,publication_corpora/www-dailygazette-com-rss-results-in-spotlightnews-of-type-article.txt,44,27731,2026-06-05T14:25:00+00:00,2026-06-22T10:00:00+00:00
Great Lakes Echo,great-lakes-echo,publication_corpora/great-lakes-echo.txt,43,30864,2026-02-28T22:43:22+00:00,"Wed, 31 Dec 2025 13:26:00 +0000"
The Legislative Gazette,the-legislative-gazette,publication_corpora/the-legislative-gazette.txt,43,29601,2026-02-03T17:35:50Z,"Wed, 14 Jan 2026 17:39:25 +0000"
South Jersey Climate News,south-jersey-climate-news,publication_corpora/south-jersey-climate-news.txt,42,25003,2025-12-28T14:20:44Z,2026-06-17T15:29:19+00:00
Columbia News Service,columbia-news-service,publication_corpora/columbia-news-service.txt,41,43374,2026-02-06T13:55:25+00:00,"Wed, 14 Jan 2026 01:10:39 +0000"
Legislative Reporting Project,legislative-reporting-project,publication_corpora/legislative-reporting-project.txt,40,20790,2026-02-20T22:55:39+00:00,"Fri, 25 Apr 2025 20:44:13 +0000"
The Cougar,the-cougar,publication_corpora/the-cougar.txt,40,18281,2026-05-07T16:25:38+00:00,2026-06-18T01:53:21+00:00
The Stanford Daily,the-stanford-daily,publication_corpora/the-stanford-daily.txt,40,36359,2026-06-04T10:21:40+00:00,2026-06-19T02:29:20+00:00
The Scope,the-scope,publication_corpora/the-scope.txt,37,40622,2025-11-06T21:54:23Z,2026-06-12T16:12:17+00:00
Gaylord News,gaylord-news,publication_corpora/gaylord-news.txt,35,28074,2026-02-12T03:05:10+00:00,"Wed, 19 Nov 2025 21:39:11 +0000"
The Brown Daily Herald: Top Stories,the-brown-daily-herald-top-stories,publication_corpora/the-brown-daily-herald-top-stories.txt,35,28130,2026-04-15T06:06:44+00:00,2026-06-15T14:52:14+00:00
Blot,blot,publication_corpora/blot.txt,34,26952,2026-02-26T21:56:42+00:00,"Wed, 26 Nov 2025 23:56:34 +0000"
Noticiero Movil,noticiero-movil,publication_corpora/noticiero-movil.txt,34,26158,2026-02-05T20:16:03+00:00,"Wed, 22 Oct 2025 19:24:37 +0000"
The Long Island Advocate,the-long-island-advocate,publication_corpora/the-long-island-advocate.txt,34,26430,2026-02-05T18:43:45+00:00,"Wed, 19 Nov 2025 03:34:47 +0000"
Medill Illinois News Bureau,medill-illinois-news-bureau,publication_corpora/medill-illinois-news-bureau.txt,33,47407,2026-02-27T19:17:25+00:00,"Wed, 16 Jul 2025 10:30:53 +0000"
Institute for Public Service Reporting – Memphis,institute-for-public-service-reporting-memphis,publication_corpora/institute-for-public-service-reporting-memphis.txt,32,36781,2026-02-17T13:43:14+00:00,"Wed, 24 Dec 2025 16:36:50 +0000"
Collegiate News Service,collegiate-news-service,publication_corpora/collegiate-news-service.txt,31,27605,2026-03-20T12:58:00+00:00,"Wed, 28 May 2025 20:00:00 +0000"
The Hitchcock Project for Visualizing Science,the-hitchcock-project-for-visualizing-science,publication_corpora/the-hitchcock-project-for-visualizing-science.txt,31,21917,2026-02-06T22:39:24+00:00,"Wed, 21 Jan 2026 21:45:33 +0000"
Fresh Take Florida,fresh-take-florida,publication_corpora/fresh-take-florida.txt,30,35793,2026-02-07T01:01:17+00:00,"Wed, 14 Jan 2026 16:33:47 GMT"
New Mexico News Port,new-mexico-news-port,publication_corpora/new-mexico-news-port.txt,30,29512,2026-03-27T00:19:18+00:00,"Tue, 27 Jan 2026 16:35:01 +0000"
Tampa Free Press,tampa-free-press,publication_corpora/tampa-free-press.txt,30,16136,2026-06-21T12:19:42+00:00,2026-06-22T12:02:38+00:00
The Cedar Falls News Hub,the-cedar-falls-news-hub,publication_corpora/the-cedar-falls-news-hub.txt,30,27961,2026-02-08T17:30:19+00:00,"Wed, 26 Nov 2025 17:30:04 +0000"
The Chimes,the-chimes,publication_corpora/the-chimes.txt,30,24497,2026-04-07T16:58:54+00:00,"Wed, 28 Jan 2026 06:42:51 +0000"
The Clarion,the-clarion,publication_corpora/the-clarion.txt,30,28882,2026-03-03T19:42:09+00:00,"Tue, 16 Dec 2025 14:15:40 +0000"
The Western Carolina Journalist,the-western-carolina-journalist,publication_corpora/the-western-carolina-journalist.txt,30,23908,2026-04-12T03:44:00+00:00,"Tue, 27 Jan 2026 01:49:06 +0000"
Pepperdine Graphic,pepperdine-graphic,publication_corpora/pepperdine-graphic.txt,29,26459,2026-04-20T05:05:39+00:00,"Wed, 28 Jan 2026 23:51:46 +0000"
urcapitalnews,urcapitalnews,publication_corpora/urcapitalnews.txt,29,15178,2026-02-19T21:18:10+00:00,"Wed, 28 Jan 2026 23:24:00 +0000"
Annapolis – CNS Maryland,annapolis-cns-maryland,publication_corpora/annapolis-cns-maryland.txt,25,20022,2026-02-26T16:45:49+00:00,"Tue, 18 Nov 2025 20:27:16 +0000"
Buffalo Review West,buffalo-review-west,publication_corpora/buffalo-review-west.txt,25,6289,2024-11-10T11:45:00.000-08:00,2025-11-19T07:34:00.000-08:00
Delta Digital News Service,delta-digital-news-service,publication_corpora/delta-digital-news-service.txt,25,20486,2026-03-07T14:28:38+00:00,"Wed, 15 Oct 2025 13:28:06 +0000"
The Argonaut,the-argonaut,publication_corpora/the-argonaut.txt,25,12855,2026-05-07T02:50:06+00:00,2026-05-13T00:47:57+00:00
NewsLab,newslab,publication_corpora/newslab.txt,24,26957,2025-07-31T07:14:01+00:00,2026-06-18T16:42:28+00:00
Oakland North,oakland-north,publication_corpora/oakland-north.txt,24,31780,2026-02-12T14:00:00+00:00,"Wed, 24 Dec 2025 14:00:00 +0000"
DU Media,du-media,publication_corpora/du-media.txt,21,546,2025-05-01T20:35:54+00:00,2026-04-15T16:56:12+00:00
The Bronx Journal,the-bronx-journal,publication_corpora/the-bronx-journal.txt,21,6145,2026-02-25T18:12:56+00:00,"Wed, 24 Dec 2025 01:04:22 +0000"
Washington – CNS Maryland,washington-cns-maryland,publication_corpora/washington-cns-maryland.txt,21,13740,2026-03-05T22:03:04+00:00,"Wed, 19 Nov 2025 18:43:20 +0000"
ZU Media,zu-media,publication_corpora/zu-media.txt,21,16923,2026-03-16T21:16:25+00:00,"Tue, 18 Nov 2025 00:22:48 +0000"
Boston University News Service,boston-university-news-service,publication_corpora/boston-university-news-service.txt,20,20678,2026-04-07T18:06:48+00:00,2026-05-29T19:02:38+00:00
Community News Service,community-news-service,publication_corpora/community-news-service.txt,20,15241,2026-04-14T14:55:12+00:00,2026-06-18T20:26:33+00:00
News Feed,news-feed,publication_corpora/news-feed.txt,20,10614,2026-04-20T07:03:46+00:00,2026-06-21T10:40:59+00:00
REAL NEWS BY REAL STUDENTS,real-news-by-real-students,publication_corpora/real-news-by-real-students.txt,20,15980,2026-02-05T20:31:19+00:00,"Tue, 25 Nov 2025 16:37:30 +0000"
Reporting Texas,reporting-texas,publication_corpora/reporting-texas.txt,20,16700,2026-03-30T16:49:50+00:00,2026-06-15T14:26:38+00:00
Richmond Confidential,richmond-confidential,publication_corpora/richmond-confidential.txt,20,23065,2026-05-21T13:00:00+00:00,"Wed, 17 Dec 2025 14:00:00 +0000"
The Charger Bulletin,the-charger-bulletin,publication_corpora/the-charger-bulletin.txt,20,12050,2026-04-14T16:00:24+00:00,"Tue, 03 Feb 2026 02:43:54 +0000"
The Exponent,the-exponent,publication_corpora/the-exponent.txt,20,10846,2026-04-15T11:00:14+00:00,2026-05-23T18:18:57+00:00
The Lantern,the-lantern,publication_corpora/the-lantern.txt,20,11718,2026-06-04T11:10:45+00:00,2026-06-19T22:52:06+00:00
The Oglethorpe Echo,the-oglethorpe-echo,publication_corpora/the-oglethorpe-echo.txt,20,10260,2026-04-08T15:32:15+00:00,2026-06-18T19:49:37+00:00
"The Reporting Project – Covering Licking County, Ohio",the-reporting-project-covering-licking-county-ohio,publication_corpora/the-reporting-project-covering-licking-county-ohio.txt,20,16899,2026-04-14T19:30:34+00:00,2026-06-19T13:55:14+00:00
CU-CitizenAccess.org,cu-citizenaccess-org,publication_corpora/cu-citizenaccess-org.txt,19,31077,2025-12-20T17:30:00+00:00,2026-06-16T16:34:06+00:00
Canalside Chronicles,canalside-chronicles,publication_corpora/canalside-chronicles.txt,19,12618,2026-02-18T18:05:40+00:00,"Tue, 25 Nov 2025 17:47:35 +0000"
Logan Center for Urban Investigative Reporting,logan-center-for-urban-investigative-reporting,publication_corpora/logan-center-for-urban-investigative-reporting.txt,18,15831,2026-04-24T21:44:12+00:00,"Wed, 23 Apr 2025 19:44:35 +0000"
CNS TV – CNS Maryland,cns-tv-cns-maryland,publication_corpora/cns-tv-cns-maryland.txt,16,2936,2026-02-18T01:31:13+00:00,"Wed, 10 Dec 2025 00:32:24 +0000"
Borderzine,borderzine,publication_corpora/borderzine.txt,15,9290,2025-11-12T23:24:28+00:00,"Tue, 24 Dec 2024 00:42:31 +0000"
IPM Newsroom,ipm-newsroom,publication_corpora/ipm-newsroom.txt,15,11925,2026-04-15T20:00:00+00:00,2026-04-20T15:31:43+00:00
LakeVoice - Medium,lakevoice-medium,publication_corpora/lakevoice-medium.txt,15,20428,2026-05-11T22:59:38+00:00,"Tue, 18 Nov 2025 16:55:41 GMT"
Crosstown,crosstown,publication_corpora/crosstown.txt,14,10638,2026-02-24T01:27:58+00:00,"Wed, 06 Aug 2025 17:01:45 +0000"
www.komu.com - RSS Results of type article with keyword(s) of #topstory,www-komu-com-rss-results-of-type-article-with-keyword-s-of-topstory,publication_corpora/www-komu-com-rss-results-of-type-article-with-keyword-s-of-topstory.txt,14,6366,"Fri, 30 Jul 2021 07:31:00 -0500","Wed, 28 Apr 2021 11:00:00 -0500"
270 Stories,270-stories,publication_corpora/270-stories.txt,13,7310,2026-02-19T14:00:00+00:00,"Tue, 22 Apr 2025 18:26:35 +0000"
Data Stories – CNS Maryland,data-stories-cns-maryland,publication_corpora/data-stories-cns-maryland.txt,13,9843,2026-03-31T20:51:46+00:00,"Tue, 18 Nov 2025 16:38:42 +0000"
NewsLINC - Latest News,newslinc-latest-news,publication_corpora/newslinc-latest-news.txt,13,3691,2026-03-18T04:45:34+00:00,2026-05-08T05:55:33+00:00
USC Annenberg,usc-annenberg,publication_corpora/usc-annenberg.txt,13,2224,2026-03-31T17:54:57+00:00,2026-06-02T19:37:31+00:00
Arnolt Center for Investigative Journalism,arnolt-center-for-investigative-journalism,publication_corpora/arnolt-center-for-investigative-journalism.txt,12,2702,2026-05-06T19:54:40+00:00,"Wed, 24 Jul 2024 15:26:26 +0000"
The Daily Collegian,the-daily-collegian,publication_corpora/the-daily-collegian.txt,12,5895,,
Woodall Weekend Workshop Archives — Grady Newsource,woodall-weekend-workshop-archives-grady-newsource,publication_corpora/woodall-weekend-workshop-archives-grady-newsource.txt,12,2599,"Fri, 05 Sep 2025 13:00:59 +0000","Wed, 30 Aug 2023 13:00:25 +0000"
Community News - University Times,community-news-university-times,publication_corpora/community-news-university-times.txt,11,5791,2026-02-27T18:00:00+00:00,"Wed, 24 Sep 2025 17:00:43 +0000"
Iowa State Daily,iowa-state-daily,publication_corpora/iowa-state-daily.txt,11,8753,2026-06-22T04:15:39+00:00,2026-06-22T05:50:21+00:00
CT Community News,ct-community-news,publication_corpora/ct-community-news.txt,10,9493,"Fri, 06 Jun 2025 12:50:29 +0000","Wed, 28 May 2025 02:57:54 +0000"
ChicagoTalks,chicagotalks,publication_corpora/chicagotalks.txt,10,4731,2026-05-28T20:52:26+00:00,2026-06-17T21:00:30+00:00
City Newsroom,city-newsroom,publication_corpora/city-newsroom.txt,10,4378,2025-05-08T23:05:32+00:00,2025-05-31T17:54:07+00:00
Cooper Squared,cooper-squared,publication_corpora/cooper-squared.txt,10,9895,2025-04-22T23:20:37+00:00,2026-01-26T13:00:34+00:00
Democracy Watch,democracy-watch,publication_corpora/democracy-watch.txt,10,10091,"Fri, 08 Dec 2023 14:41:46 GMT","Wed, 11 Oct 2023 11:58:06 GMT"
Flourishing Fresno,flourishing-fresno,publication_corpora/flourishing-fresno.txt,10,11329,2023-11-09T18:29:33+00:00,2024-06-11T22:54:29+00:00
Fresh Take Georgia,fresh-take-georgia,publication_corpora/fresh-take-georgia.txt,10,570,"Fri, 16 May 2025 17:27:43 +0000","Wed, 28 May 2025 16:30:07 +0000"
Honolulu Civil Beat,honolulu-civil-beat,publication_corpora/honolulu-civil-beat.txt,10,14220,2026-06-22T04:00:00+00:00,2026-06-22T10:01:00+00:00
Kentucky Kernel,kentucky-kernel,publication_corpora/kentucky-kernel.txt,10,10283,2026-06-09T23:54:04+00:00,2026-06-21T15:23:47+00:00
LSU Cold Case Project,lsu-cold-case-project,publication_corpora/lsu-cold-case-project.txt,10,4997,"Fri, 01 Dec 2023 01:16:27 +0000","Wed, 21 May 2025 00:29:48 +0000"
Massachusetts News Service,massachusetts-news-service,publication_corpora/massachusetts-news-service.txt,10,6082,2025-04-23T16:22:07+00:00,2026-04-14T20:45:03+00:00
Orange Media Network,orange-media-network,publication_corpora/orange-media-network.txt,10,4049,2022-10-28T03:40:22+00:00,2023-02-02T23:30:00+00:00
Oxford Observer,oxford-observer,publication_corpora/oxford-observer.txt,10,2641,2025-05-08T18:12:40Z,2025-05-08T18:38:03Z
Patch Labs,patch-labs,publication_corpora/patch-labs.txt,10,1180,2020-08-11T23:11:11+00:00,2020-08-21T02:50:31+00:00
Pavement Pieces,pavement-pieces,publication_corpora/pavement-pieces.txt,10,12193,2025-10-22T01:40:52+00:00,2025-11-20T04:15:53+00:00
Philadelphia Neighborhoods,philadelphia-neighborhoods,publication_corpora/philadelphia-neighborhoods.txt,10,13365,2026-03-27T21:12:58+00:00,2026-06-08T00:21:26+00:00
Pleasantville Press,pleasantville-press,publication_corpora/pleasantville-press.txt,10,2847,2025-11-07T17:07:52+00:00,2026-06-15T17:45:26+00:00
Texas Center For Community Journalism,texas-center-for-community-journalism,publication_corpora/texas-center-for-community-journalism.txt,10,34758,"Fri, 02 Feb 2024 14:58:19 +0000","Tue, 16 Jan 2024 16:30:57 +0000"
The All State,the-all-state,publication_corpora/the-all-state.txt,10,1442,2026-04-15T17:00:51+00:00,2026-04-29T15:35:56+00:00
The Battalion,the-battalion,publication_corpora/the-battalion.txt,10,7382,2026-05-21T21:09:31+00:00,2026-06-10T22:53:38+00:00
The Collegian,the-collegian,publication_corpora/the-collegian.txt,10,6998,2026-04-22T11:54:13+00:00,2026-05-08T00:01:27+00:00
The Columbia Chronicle,the-columbia-chronicle,publication_corpora/the-columbia-chronicle.txt,10,3417,2026-06-15T22:00:58+00:00,2026-06-21T02:04:17+00:00
The Crimson White,the-crimson-white,publication_corpora/the-crimson-white.txt,10,7076,2026-06-18T01:19:16+00:00,2026-06-18T03:42:21+00:00
The Daily Aztec,the-daily-aztec,publication_corpora/the-daily-aztec.txt,10,9534,2026-05-20T03:49:59+00:00,2026-06-18T19:36:25+00:00
The Daily Campus,the-daily-campus,publication_corpora/the-daily-campus.txt,10,11196,2026-05-16T13:00:16+00:00,2026-06-09T18:22:32+00:00
The Daily Evergreen,the-daily-evergreen,publication_corpora/the-daily-evergreen.txt,10,7015,2026-06-09T01:32:23+00:00,2026-06-17T10:01:46+00:00
The Daily Mississippian,the-daily-mississippian,publication_corpora/the-daily-mississippian.txt,10,7630,2026-06-10T21:32:33+00:00,2026-06-18T22:26:06+00:00
The Daily Northwestern,the-daily-northwestern,publication_corpora/the-daily-northwestern.txt,10,8234,2026-06-19T05:00:01+00:00,2026-06-22T10:00:04+00:00
The Daily Orange,the-daily-orange,publication_corpora/the-daily-orange.txt,10,3867,2026-06-12T23:53:05+00:00,2026-06-20T17:54:11+00:00
The Daily Texan,the-daily-texan,publication_corpora/the-daily-texan.txt,10,4421,2026-06-19T04:13:13+00:00,2026-06-22T03:37:34+00:00
The Daily Utah Chronicle,the-daily-utah-chronicle,publication_corpora/the-daily-utah-chronicle.txt,10,6491,2026-06-14T19:59:36+00:00,2026-06-21T16:55:51+00:00
The DePaulia,the-depaulia,publication_corpora/the-depaulia.txt,10,6825,2026-06-01T11:00:34+00:00,2026-06-11T16:31:25+00:00
The Diamondback,the-diamondback,publication_corpora/the-diamondback.txt,10,5889,2026-06-10T02:18:04+00:00,2026-06-21T02:19:46+00:00
The Dominion Post,the-dominion-post,publication_corpora/the-dominion-post.txt,10,5557,2026-06-19T15:37:51+00:00,2026-06-22T02:19:29+00:00
The FAMUAN,the-famuan,publication_corpora/the-famuan.txt,10,5939,2026-04-30T20:59:22+00:00,2026-06-02T14:11:43+00:00
The Food Fix,the-food-fix,publication_corpora/the-food-fix.txt,10,8731,"Fri, 04 Apr 2025 22:10:04 +0000","Tue, 22 Apr 2025 14:59:15 +0000"
The Heights,the-heights,publication_corpora/the-heights.txt,10,7294,2026-05-16T02:15:30+00:00,2026-06-05T13:32:13+00:00
The Hoya,the-hoya,publication_corpora/the-hoya.txt,10,5828,2026-05-21T21:15:25+00:00,2026-06-21T03:41:11+00:00
The Maroon,the-maroon,publication_corpora/the-maroon.txt,10,5605,2026-05-01T15:12:50+00:00,2026-05-01T15:17:21+00:00
The Miami Hurricane,the-miami-hurricane,publication_corpora/the-miami-hurricane.txt,10,5695,2026-06-06T04:00:18+00:00,2026-06-17T17:42:09+00:00
The Michigan Daily,the-michigan-daily,publication_corpora/the-michigan-daily.txt,10,9315,2026-06-19T04:45:08+00:00,2026-06-21T06:11:27+00:00
The Point,the-point,publication_corpora/the-point.txt,10,5573,"Wed, 02 Apr 2025 17:29:11 +0000","Wed, 02 Apr 2025 17:54:52 +0000"
The Sunflower,the-sunflower,publication_corpora/the-sunflower.txt,10,3465,2026-06-04T16:18:14+00:00,2026-06-18T19:35:17+00:00
The Tulane Hullabaloo,the-tulane-hullabaloo,publication_corpora/the-tulane-hullabaloo.txt,10,5292,2026-04-30T06:17:06+00:00,2026-05-07T02:12:57+00:00
UH Beat Archives - Honolulu Civil Beat,uh-beat-archives-honolulu-civil-beat,publication_corpora/uh-beat-archives-honolulu-civil-beat.txt,10,10629,"Fri, 23 May 2025 10:01:00 +0000","Wed, 23 Apr 2025 10:01:00 +0000"
UO Catalyst Journalism Project,uo-catalyst-journalism-project,publication_corpora/uo-catalyst-journalism-project.txt,10,366,"Fri, 10 Jan 2025 00:53:15 +0000","Wed, 19 Feb 2025 00:50:54 +0000"
Urban Community Journalism Class Blog,urban-community-journalism-class-blog,publication_corpora/urban-community-journalism-class-blog.txt,10,5015,"Sat, 16 Mar 2019 17:12:03 +0000","Sun, 17 Mar 2019 00:00:04 +0000"
WKUHerald.com,wkuherald-com,publication_corpora/wkuherald-com.txt,10,4567,2026-06-08T20:14:50+00:00,2026-06-19T16:29:07+00:00
West Texas Tribune,west-texas-tribune,publication_corpora/west-texas-tribune.txt,10,5219,2026-06-05T00:32:40+00:00,2026-06-18T21:36:26+00:00
https://kentstatenewslab.org/feed/,https-kentstatenewslab-org-feed,publication_corpora/https-kentstatenewslab-org-feed.txt,10,12793,2026-05-06T10:00:00+00:00,2026-06-09T13:43:18+00:00
nan,nan,publication_corpora/nan.txt,10,8774,"Fri, 05 Dec 2025 16:43:09 +0000","Wed, 17 Dec 2025 15:00:00 +0000"
www.dailycal.org - RSS Results,www-dailycal-org-rss-results,publication_corpora/www-dailycal-org-rss-results.txt,10,6341,2026-06-19T05:01:00+00:00,2026-06-19T23:05:00+00:00
The Utah Statesman,the-utah-statesman,publication_corpora/the-utah-statesman.txt,7,1399,2026-04-27T16:59:22+00:00,2026-05-08T22:33:49+00:00
www.columbiamissourian.com - RSS Results of type article with keyword(s) of #topstory,www-columbiamissourian-com-rss-results-of-type-article-with-keyword-s-of-topstory,publication_corpora/www-columbiamissourian-com-rss-results-of-type-article-with-keyword-s-of-topstory.txt,7,5744,"Fri, 17 Sep 2021 15:30:00 -0500","Thu, 12 Aug 2021 09:52:00 -0500"
The Oklahoma Daily,the-oklahoma-daily,publication_corpora/the-oklahoma-daily.txt,6,4068,,
www.nebraskanewsservice.net - RSS Results,www-nebraskanewsservice-net-rss-results,publication_corpora/www-nebraskanewsservice-net-rss-results.txt,5,1152,2026-06-01T02:13:00+00:00,2026-06-01T20:22:00+00:00
Home,home,publication_corpora/home.txt,4,2135,2026-06-11T16:10:46+00:00,2026-06-17T17:30:47+00:00
The Purdue Exponent,the-purdue-exponent,publication_corpora/the-purdue-exponent.txt,4,2878,,
www.easternprogress.com - RSS Results,www-easternprogress-com-rss-results,publication_corpora/www-easternprogress-com-rss-results.txt,4,1401,2026-06-22T11:45:00+00:00,2026-06-22T11:46:00+00:00
The Commonwealth Times,the-commonwealth-times,publication_corpora/the-commonwealth-times.txt,3,3398,2026-04-29T11:04:43+00:00,2026-05-14T22:19:29+00:00
The Daily Nebraskan,the-daily-nebraskan,publication_corpora/the-daily-nebraskan.txt,2,1597,,
Florida Atlantic U. News,florida-atlantic-u-news,publication_corpora/florida-atlantic-u-news.txt,1,71,"Fri, 14 Feb 2025 05:21:57 GMT","Fri, 14 Feb 2025 05:21:57 GMT"
NJ STATE HOUSE NEWS SERVICE,nj-state-house-news-service,publication_corpora/nj-state-house-news-service.txt,1,116,"Thu, 23 Oct 2025 18:08:12 +0000","Thu, 23 Oct 2025 18:08:12 +0000"
