Richard's notes,Institution,Name of News Lab,Official Web Link
,Arizona State University,News21,https://news21.com/
,Arizona State University,Cronkite News,https://cronkitenews.azpbs.org/
,Arkansas State University,Delta Digital New Service,https://deltanewsservice.com/
,Boston University,Justice Media co-Lab,https://www.bu.edu/justice-media/projects-news/
,Boston University,BU News Service,https://bunewsservice.com/
,Buffalo State University,Buffalo Review West,https://bscbengalnews.blogspot.com/
,Buffalo State University,Buffalo Sports Insider,http://www.buffalosportsinsider.com/
,Castleton University,Community News Service,https://vtcommunitynews.org/
,Chapman University,Collegiate News Service,https://voiceofoc.org/category/news/collegiate-news-service/
,Columbia College Chicago,"ChicagoTalks, AustinTalks",https://chicagotalks.colum.edu/
,Columbia University,City Newsroom,https://citynewsroomcjs.com/
,Columbia University,Columbia News Service,https://columbianewsservice.com/
,Craig Newmark Graduate School of Journalism at CUNY,NYCity News Service,https://www.nycitynewsservice.com/
,Denison University,The Reporting Project,https://thereportingproject.org/
,Duke University,9th Street Journal,https://9thstreetjournal.org/about-the-9th-street-journal/
this takes you to the student paper so shoudl go in the student newspaper sectiion,Florida Agricultural and Mechanical University,SJGC Capital Bureau,https://www.thefamuanonline.com/
,Florida Atlantic University,MediaLab@FAU,https://www.medialabfau.com/news
,Florida International University,Caplin News,https://caplinnews.fiu.edu/
,Franklin College,TheStatehouseFile.com,https://thestatehousefile.com/
,Hofstra University,Long Island Advocate,https://longislandadvocate.com/
,Howard University,Howard University News Service,https://hunewsservice.com/
,Indiana University-Bloomington,Arnolt Center for Investigative Journalism,https://arnoltcenter.org/
,Kent State University,NewsLab,https://kentstatenewslab.org/
,Louisiana State University and Agricultural & Mechanical College,LSU Cold Case Project,https://lsucoldcaseproject.com/articles/
,Louisiana State University and Agricultural & Mechanical College,Manship School Statehouse Bureau,https://manshipxgr.org/
"i think this student work only, but worth checking as it there are professional news rooms in this collab also",Mercer University,Macon NewsRoom/Center for Collaborative Journalism,https://macon-newsroom.com/
This paper just closed (was a college thing but they closed it,Miami University-Ohio,Oxford Observer,https://oxfordobserver.org
,Michigan State University,Capital News Service,https://news.jrn.msu.edu/series/capitalnewsservice/
,New York University,Pavement Pieces and Cooper Squared,https://coopersquared.com/ / https://pavementpieces.com/
,Northeastern University,The Scope,https://thescopeboston.org/
,Pace University,Pleasantville Press,http://pleasantvillepress.com/
,Pennsylvania State University,The News Lab,https://bellisario.psu.edu/academics/journalism/the-news-lab
,Point Park University,Point Park News Service,https://pointparknewsservice.org/latest-stories/
,Rowan University,South Jersey Climate News,https://sjclimate.news/
,Salt Lake Community College,"Utah College Media Collaborative, Amplify Utah",https://amplifyutah.org/the-story-room
,Southern Illinois University,Saluki Local Reporting Lab,https://capitolnewsillinois.com/news/author/saluki-local-reporting-lab/
,St. Bonaventure University,TAPinto Greater Olean,tapinto.net/towns/greater-olean
,SUNY Brockport,The Canal Side Chronicles,canalsidechronicles.com
,Temple University,The Logan Center for Urban Investigative Reporting,https://templelogancenter.org/reporting/
,Temple University,Philadelphia Neighborhoods,https://philadelphianeighborhoods.com/
,University of Arizona,Arizonan Sonaran News Wire,arizonasonorannews.com
,University of California-Berkeley,Oakland North and Richmond Confidential,oaklandnorth.net / richmondconfidential.org
,University of Connecticut,Connecticut Student Journalism Collaborative,ctcommunitynews.org
,University of Florida,Fresh Take Florida,https://www.wuft.org/freshtakeflorida
,University of Georgia,Grady Newsource,gradynewsource.uga.edu
,University of Georgia,Oglethorpe Echo,https://www.theoglethorpeecho.com/
I'd like to make sure this is not the student media and is a news/aca partnerhsip,University of Illinois Urbana-Champaign,Illinois Student Newsroom,https://ipmnewsroom.org/student-newsroom/
,University of Kansas,Eudora Times,https://eudoratimes.com/
,University of Maryland-College Park,Local News Network,http://cnsmaryland.org/ 
,University of Mississippi,Mississippi Media Lab,https://newslab.org/school/mississippi-media-lab/
,University of Missouri-Columbia,Missouri Business Alert,https://www.missouribusinessalert.com/
,University of Missouri-Columbia,Columbia Missourian,https://www.columbiamissourian.com/
,University of Nebraska-Lincoln,Nebraska News Service,https://nebraskanewsservice.com/ 
,University of Nevada-Reno,Hitchcock Project for Visualizing Science,https://hitchcockproject.org/news/
,University of Nevada-Reno,Noticiero Movil,https://noticieromovil.com/
,University of New Mexico-Main Campus,New Mexico News Port,https://www.newmexiconewsport.com/
,University of Oklahoma,Gaylord News,https://gaylordnews.net/
,University of Richmond,Richmond Capital News Service,capitalnewsservice.vcu.edu
"not sure what this is, a website of some student stoiries and pr about the school? can we check it. ",University of Southern California,Annenberg Media,uscannenbergmedia.com
,University of Texas at Austin,Reporting Texas,reportingtexas.com
,University of Texas at El Paso,Borderzine,https://borderzine.com/
,University of Vermont,Community News Service,https://vtcommunitynews.org/
,Virginia Commonwealth University,Capital News Service,madisoncommons.org
,West Virginia University,WVU News,https://www.thedaonline.com/