Newspaper Name,Affiliated Institution,Location,Digital Newsroom URL,Significance & Editorial Profile,Publication Category
The Harvard Crimson,Harvard University,"Cambridge, MA",https://www.thecrimson.com,"Founded in 1873, it is famously the only 'breakfast-table daily' in Cambridge and boasts an elite alumnus network of Pulitzer winners and politicians.",Completely Independent Daily Newspapers
The Yale Daily News,Yale University,"New Haven, CT",https://yaledailynews.com,"Founded in 1878, it is the oldest college daily in the United States.",Completely Independent Daily Newspapers
The Daily Californian,UC Berkeley,"Berkeley, CA",https://www.dailycal.org,"One of the oldest and largest student run-papers in the West, operating with complete financial autonomy since 1971.",Completely Independent Daily Newspapers
The Daily Pennsylvanian,University of Pennsylvania,"Philadelphia, PA",https://www.thedp.com,"Formed in 1884, this completely independent paper serves the greater Philadelphia campus area.",Completely Independent Daily Newspapers
The Cornell Daily Sun,Cornell University,"Ithaca, NY",https://cornellsun.com,"Founded in 1880, it is an independent daily serving Ithaca, NY, and is entirely student-managed.",Completely Independent Daily Newspapers
The Daily Orange,Syracuse University,"Syracuse, NY",https://dailyorange.com,"Operating independently from Syracuse's renowned Newhouse School of Journalism, it produces immense amounts of daily content.",Completely Independent Daily Newspapers
The Daily Tar Heel,University of North Carolina at Chapel Hill,"Chapel Hill, NC",https://www.dailytarheel.com,An elite independent non-profit that serves as a vital local news source for the Chapel Hill community.,Completely Independent Daily Newspapers
The Independent Florida Alligator,University of Florida,"Gainesville, FL",https://www.alligator.org,"Separated from UF in 1973, it has grown into one of the largest independent student newspapers in the country by circulation.",Completely Independent Daily Newspapers
The Daily Texan,University of Texas at Austin,"Austin, TX",https://thedailytexan.com,A historic powerhouse in student journalism that has produced multiple Pulitzer Prize winners.,Completely Independent Daily Newspapers
The Purdue Exponent,Purdue University,"West Lafayette, IN",https://www.purdueexponent.org,"Indiana's largest student newspaper, operating as an independent entity since 1975.",Completely Independent Daily Newspapers
The Michigan Daily,University of Michigan,"Ann Arbor, MI",https://www.michigandaily.com,Renowned for its investigative reporting and extensive campus coverage since 1890.,Major State University Powerhouses
Daily Bruin,UCLA,"Los Angeles, CA",https://dailybruin.com,"Consistently ranks at the top of the ACP Pacemaker awards, acting as a premier media institution in Los Angeles.",Major State University Powerhouses
The Lantern,Ohio State University,"Columbus, OH",https://www.thelantern.com,"Backed by a large student enrollment, it generates immense traffic and serves a massive alumni network.",Major State University Powerhouses
Indiana Daily Student,Indiana University Bloomington,"Bloomington, IN",https://www.idsnews.com,"Lovingly known as the IDS, it is a frequent Pacemaker winner and a gold standard for collegiate design and reporting.",Major State University Powerhouses
The Daily Iowan,University of Iowa,"Iowa City, IA",https://dailyiowan.com,A highly respected print and digital daily operating within a prominent journalism destination.,Major State University Powerhouses
The Crimson White,University of Alabama,"Tuscaloosa, AL",https://cw.ua.edu,Serving Tuscaloosa with decades of award-winning community and sports reporting.,Major State University Powerhouses
The Red & Black,University of Georgia,"Athens, GA",https://www.redandblack.com,"Independent since 1980, it covers UGA and Athens with deep investigative resources.",Major State University Powerhouses
The Battalion,Texas A&M University,"College Station, TX",https://www.thebatt.com,Serving the massive student body of College Station since 1893.,Major State University Powerhouses
The Minnesota Daily,University of Minnesota,"Minneapolis, MN",https://mndaily.com,Historically one of the largest student-run media organizations in the Upper Midwest.,Major State University Powerhouses
The Daily Collegian,Penn State University,"State College, PA",https://www.collegian.psu.edu,A massive multi-platform student newspaper serving the State College community.,Major State University Powerhouses
The State News,Michigan State University,"East Lansing, MI",https://statenews.com,A major force in Big Ten collegiate media with a legacy of strong campus reporting.,Major State University Powerhouses
The Daily Cardinal,University of Wisconsin–Madison,"Madison, WI",https://www.dailycardinal.com,"Founded in 1892, it shares a historic rivalry with fellow campus paper The Badger Herald.",Major State University Powerhouses
Iowa State Daily,Iowa State University,"Ames, IA",https://iowastatedaily.com,Employing hundreds of students annually to cover campus and state-wide news.,Major State University Powerhouses
The Daily Athenaeum,West Virginia University,"Morgantown, WV",https://www.thedaonline.com,Boasts some of the highest consistent digital engagement metrics per article in the country.,Major State University Powerhouses
The Daily Aztec,San Diego State University,"San Diego, CA",https://thedailyaztec.com,The primary voice for SDSU and one of the largest student publications in Southern California.,Major State University Powerhouses
The Shorthorn,University of Texas at Arlington,"Arlington, TX",https://www.theshorthorn.com,Renowned nationally for its digital-first multi-media storytelling and visual design.,Major State University Powerhouses
Kentucky Kernel,University of Kentucky,"Lexington, KY",https://www.kykernel.com,Consistently recognized for its bold editorial stances and localized public interest journalism.,Major State University Powerhouses
The Daily Universe,Brigham Young University,"Provo, UT",https://universe.byu.edu,Operating under a unique lab structure that yields deep municipal and campus coverage.,Major State University Powerhouses
The Duke Chronicle,Duke University,"Durham, NC",https://www.dukechronicle.com,Drives incredible digital traffic and social media engagement across North Carolina.,Top Elite Private University Publications
The Daily Northwestern,Northwestern University,"Evanston, IL",https://dailynorthwestern.com,"Anchored by the Medill School of Journalism, it serves as a foundational training ground for top-tier national reporters.",Top Elite Private University Publications
The Stanford Daily,Stanford University,"Stanford, CA",https://stanforddaily.com,Serving the Silicon Valley area since the university's founding in 1892.,Top Elite Private University Publications
The Brown Daily Herald,Brown University,"Providence, RI",https://www.browndailyherald.com,"Published continuously since 1891, it is highly regarded for its profile pieces and arts coverage.",Top Elite Private University Publications
The Johns Hopkins News-Letter,Johns Hopkins University,"Baltimore, MD",https://www.jhunewsletter.com,One of the oldest continuously published weekly student papers in the nation.,Top Elite Private University Publications
The Dartmouth,Dartmouth College,"Hanover, NH",https://www.thedartmouth.com,"Founded in 1799, it claims the title of America's oldest college newspaper (though it originally began as a local gazette).",Top Elite Private University Publications
The Hoya,Georgetown University,"Washington, D.C.",https://thehoya.com,"Georgetown's oldest student newspaper, covering both campus events and relevant Washington D.C. political news.",Top Elite Private University Publications
The Daily Trojan,University of Southern California,"Los Angeles, CA",https://dailytrojan.com,A vital media staple of South Central Los Angeles since 1912.,Top Elite Private University Publications
The Tulane Hullabaloo,Tulane University,"New Orleans, LA",https://tulanehullabaloo.com,"A frequent finalist for regional and national awards, providing essential coverage of uptown New Orleans.",Top Elite Private University Publications
The Emory Wheel,Emory University,"Atlanta, GA",https://emorywheel.com,Noted for exceptional student commentary and highly consistent per-article reader engagement.,Top Elite Private University Publications
The Heights,Boston College,"Chestnut Hill, MA",https://bcheights.com,An editorially independent weekly newspaper that has served the Boston College community since 1919.,Top Elite Private University Publications
The Miami Hurricane,University of Miami,"Coral Gables, FL",https://www.themiamihurricane.com,Renowned for its vibrant layout design and extensive coverage of South Florida sports.,Top Elite Private University Publications
Rice Thresher,Rice University,"Houston, TX",https://ricethresher.org,A small but mighty weekly publication that holds significant critical acclaim for its investigative reporting in Houston.,Top Elite Private University Publications
College Heights Herald,Western Kentucky University,"Bowling Green, KY",https://www.wkuherald.com,Widely considered one of the most decorated non-daily student papers in journalism history.,Notable Award-Winning Regional & Metro Papers
The Commonwealth Times,Virginia Commonwealth University,"Richmond, VA",https://commonwealthtimes.org,A Richmond-based staple heavily lauded for photojournalism and cultural critique.,Notable Award-Winning Regional & Metro Papers
The Maroon,Loyola University New Orleans,"New Orleans, LA",https://www.loyolamaroon.com,A consistent national Pacemaker finalist recognized for its exceptional community-focused reporting.,Notable Award-Winning Regional & Metro Papers
The DePaulia,DePaul University,"Chicago, IL",https://depauliaonline.com,Provides crucial city-wide reporting across Chicago’s urban campus network.,Notable Award-Winning Regional & Metro Papers
The Ball State Daily News,Ball State University,"Muncie, IN",https://www.ballstatedailynews.com,A cutting-edge unified newsroom that regularly sweeps midwestern collegiate media awards.,Notable Award-Winning Regional & Metro Papers
The Sunflower,Wichita State University,"Wichita, KS",https://thesunflower.com,Fiercely independent and recognized for holding administration accountable through public records requests.,Notable Award-Winning Regional & Metro Papers
The Utah Statesman,Utah State University,"Logan, UT",https://usustatesman.com,Renowned for its coverage of rural and statewide issues affecting higher education.,Notable Award-Winning Regional & Metro Papers
The Oklahoma Daily,University of Oklahoma,"Norman, OK",https://oudaily.com,A historic powerhouse in the plains region with an exceptionally active alumni network.,Notable Award-Winning Regional & Metro Papers
The Columbia Chronicle,Columbia College Chicago,"Chicago, IL",https://columbiachronicle.com,"Known for outstanding visual design, multimedia production, and arts coverage in downtown Chicago.",Notable Award-Winning Regional & Metro Papers
The Diamondback,University of Maryland,"College Park, MD",https://dbknews.com,"The primary student newspaper for UMD's Philip Merrill College of Journalism, highly acclaimed for public service and data journalism.",Major Journalism Program Publications
The All-State,Austin Peay State University,"Clarksville, TN",https://theallstate.org,"Consistently ranked as a top non-daily regional publication, heavily supported by a dedicated communication and media division.",Major Journalism Program Publications
The Post,Ohio University,"Athens, OH",https://www.thepostathens.com,An independent digital-first powerhouse feeding directly from the elite E.W. Scripps School of Journalism.,Major Journalism Program Publications
The Daily Gamecock,University of South Carolina,"Columbia, SC",https://www.dailygamecock.com,"Operating alongside the School of Journalism and Mass Communications, offering exhaustive regional and SEC sports coverage.",Major Journalism Program Publications
The Daily Revellee,Louisiana State University,"Baton Rouge, LA",https://www.lsureveille.com,"The historic, award-winning student voice of LSU, anchored closely with the Manship School of Mass Communication.",Major Journalism Program Publications
The Daily Mississippian,University of Mississippi,"Oxford, MS",https://thedmonline.com,"The only daily college newspaper in Mississippi, operating under the deeply respected School of Journalism and New Media.",Major Journalism Program Publications
The Daily Cougar,University of Houston,"Houston, TX",https://thedailycougar.com,An editorially independent multi-platform newsroom closely linked to the Jack J. Valenti School of Communication.,Major Journalism Program Publications
The Daily Kansan,University of Kansas,"Lawrence, KS",https://www.dailykansan.com,"An independent student news source serving KU since 1904, working alongside the William Allen White School of Journalism.",Major Journalism Program Publications
The Argonaut,University of Idaho,"Moscow, ID",https://www.uiargonaut.com,A highly decorated Northwest student publication with a legacy of robust investigative and environmental reporting.,Major Journalism Program Publications
The Daily Nebraskan,University of Nebraska-Lincoln,"Lincoln, NE",https://www.dailynebraskan.com,"Affectionately called the DN, it boasts a proud history of visual storytelling and investigative journalism in the plains.",Major Journalism Program Publications
The Daily Evergreen,Washington State University,"Pullman, WA",https://dailyevergreen.com,A foundational hands-on training ground tied organically with WSU's Edward R. Murrow College of Communication.,Major Journalism Program Publications
The Daily O'Collegian,Oklahoma State University,"Stillwater, OK",https://www.ocolly.com,"Operating continuously since 1895, known for massive local sports coverage and deep community deep-dives.",Major Journalism Program Publications
,,,,,
The Daily Barometer,Oregon State University,"Corvallis, OR",https://www.orangemedianetwork.com,"A critical asset of the Orange Media Network, driving robust student engagement and digital audio productions.",Major Journalism Program Publications
The State Press,Arizona State University,"Tempe, AZ",https://www.statepress.com,A massive digital-first entity operating collaboratively with the elite Walter Cronkite School of Journalism.,Major Journalism Program Publications
The Montana Kaimin,University of Montana,"Missoula, MT",https://www.montanakaimin.com,"Renowned for its fierce editorial independence and deep outdoor, public lands, and state political reporting.",Major Journalism Program Publications
The Daily Utah Chronicle,University of Utah,"Salt Lake City, UT",https://dailyutahchronicle.com,"Known as 'The Chrony,' it has provided award-winning municipal and campus watchdog reporting since 1890.",Major Journalism Program Publications
The Daily Atheneum (WVU Media),West Virginia University,"Morgantown, WV",https://www.thedaonline.com,"Deeply integrated into the Reed College of Media, known for high investigative productivity and community impact.",Major Journalism Program Publications
The Daily Campus,Southern Methodist University,"Dallas, TX",https://www.smudailycampus.com,An online hub delivering sharp metro and campus updates in collaboration with SMU's Meadows School of the Arts.,Major Journalism Program Publications
The FSView & Florida Flambeau,Florida State University,"Tallahassee, FL",https://www.fsview.com,A substantial weekly publication providing robust coverage of the FSU student body and Florida state capitol politics.,Major Journalism Program Publications