Name of Outlet,URL of Outlet,College/University,State
The Optimist,https://acuoptimist.com,Abilene Christian University,TX
The Paw Print,https://blogs.adams.edu/thepawprint/ or https://asupawprint.wixsite.com/thepawprint,Adams State University,CO
The Delphian,https://www.thedelphianau.com,Adelphi University,NY
The Profile,https://ascprofile.com,Agnes Scott College,GA
The Hornet Tribune,https://asuhornettribune.com/?full-site,Alabama State University,AL
The Albion Pleid,https://albionpleiad.com,Albion College,MI
The Campus,https://alleghenycampus.com,Allegheny College,PA
The Ranger,https://acranger.com,Amarillo College,TX
AIC Yellow Jacket,https://aicyellowjacket.com/category/news/,American International College,MA
The Current,https://www.arcurrent.com/,American River College,CA
The Eagle,https://www.theeagleonline.com,American University,D.C.
Amherst Student,https://www.amherststudent.com,Amherst College,MA
The Andersonian,https://andersonian.com,Anderson University,SC
Student Movement,https://digitalcommons.andrews.edu/sm/,Andrews University,MI
Ram Page,https://www.asurampage.com,Angelo State University,TX
Campus Current,https://www.thecampuscurrent.com/,Anne Arundel Community College,MD
The Saint,https://thesaintaq.com,Aquinas College,MI
Arapahoe Pinnacle,https://arapahoenews.com,Arapahoe Community College,CO
The Herald,https://astatetheherald.com,Arkansas State University,AR
The Arka Tech,http://www.arkatechnews.com/,Arkansas Tech University,AR
The Asbury Collegian,https://www.theasburycollegian.com/category/news/,Asbury University,KY
The Collegian,https://ashland-collegian.com,Ashland University,OH
Le Provocateur,https://www.leprovoc.com/,Assumption College,MA
Atlantic Cape Review,https://www.atlanticcape.edu/student-life/student-engagement/atlantic-cape-review.php,Atlantic Cape Community College,NJ
The Auburn Plainsman,https://www.theplainsman.com ,Auburn University,AL
Aumnibus,https://www.aum.edu/clubs/aumnibus/,Auburn University at Montgomery,AL
Echo Student Newspaper,https://augsburgecho.com,Augsburg University,MN
The Bellringer,https://www.aubellringer.com  ,Augusta University,GA
Augustana Observer,https://augustanaobserver.com,Augustana College,IL
The Augustana Mirror,https://www.augiemirror.news,Augustana University,SD
The AC Observer,https://acmagazine.austincollege.edu,Austin College,TX
Accent,https://sites.austincc.edu/accent/,Austin Community College,TX
The Chanticleer,https://averettstudentnews.org/,Averett University,VA
The Baker Orange,https://thebakerorange.com  ,Baker University,AS
The Renegade Rip,https://www.therip.com,Bakersfield College,CA
Ball State Daily News,https://www.ballstatedaily.com,Ball State University,IN
The Barnard Bulletin,https://www.thebarnardbulletin.com,Barnard College,NY
The Buccaneer,https://www.thebuc.org,Barry University,FL
The Bates Student,https://thebatesstudent.com,Bates College,ME
Network News: Student Newsroom,https://www.baypath.edu/news/bay-path-student-newsroom-and-network-news/,Bay Path University,MA
Baylor Lariat,https://baylorlariat.com,Baylor University,TX
The Watchdog,https://thewatchdogonline.com,Bellevue College,WA
The Crusader,https://belmontabbeycollege.edu/campus-life/clubs-organizations/crusader/,Belmont Abbey College,NC
Belmont Vision,https://www.belmontvision.com,Belmont University,TN
The Round Table,https://roundtable.beloit.edu,Beloit College,WI
The Circuit,https://bccircuit.com,Benedictine College,KS
The Candor,https://thecandor.wordpress.com,Benedictine University,IL
The Torch,http://bergentorch.org,Bergen Community College,NJ
Campus Carrier,https://vikingfusion.com/category/news/,Berry College,GA
The Tower,https://www.toweronline.net,Bethany College,WV
The Scroll,https://blcscroll.wordpress.com,Bethany Lutheran College,MN
The Collegian,https://collegian.bethelks.edu,Bethel College,KS
The Clarion, https://bethelclarion.com/,Bethel University,MN
Voice of the Wildcats,https://issuu.com/voiceofthewildcats,Bethune-Cookman University,FL
Pipe Dream,https://www.bupipedream.com/,Binghamton University,NY
The Mystician,https://www.bscmysticmedia.com/_files/ugd/628cb3_dd4ada1387d449caa29a24777712f526.pdf,Bismarck State College,ND
Jacket Journal,https://www.bhsumedia.com/jacket-journal/,Black Hills State University,SD
The Voice,https://buvoice.com,Bloomsburg University,PA
The Beacon,https://www.bmcbeacon.com  ,Blue Mountain College,MS
The Rampage ,https://burampage.com,Bluefield State University,WV
The Rampage,https://burampage.com,Bluefield University,VA
The Witmarsum,https://blufftonwit.com,Bluffton University,OH
The Collegian,https://collegianonline.com,Bob Jones University,SC
The Arbiter,https://arbiteronline.com,Boise State University,ID
The Daily Free Press,https://dailyfreepress.com/,Boston University,MA
The Daily Free Press,https://dailyfreepress.com/,Boston University-Fenway Campus,MA
The Bowdoin Orient,https://bowdoinorient.com  ,Bowdoin College,ME
The Spectrum,https://thebsuspectrum.com/,Bowie State University,MD
Falcon Media,https://bgfalconmedia.com/#google_vignette,Bowling Green State University,OH
The Bradley Scout,http://www.bradleyscout.com ,Bradley University,IL
The Justice,https://www.thejustice.org/page/archives,Brandeis University,MA
The Panther,https://www.thepanthernewspaper.org/,Brandman University,CA
The Clarion,https://my.brevard.edu/ICS/icsfs/mm/clarion_90_26_20250418w.pdf?target=65e64a97-0cc3-4363-b74b-357b6e94d03c,Brevard College,NC
BC Voice,https://bcvoice.org,Bridgewater College,VA
The Comment,https://commentbsu.com,Bridgewater State University,MA
Ke Alaka'i,https://kealakai.byuh.edu,Brigham Young University-Hawaii,HI
The Scroll,https://byuiscroll.org,Brigham Young University-Idaho,ID
The Hawk,https://bristolthehawk.com,Bristol Community College,MA
The Current,https://bcccurrent.com,Brookdale Community College,NJ
The Brookhaven Courier,https://brookhavencourier.com ,Brookhaven College,TX
The Brooklyn College Vanguard,https://www.google.com/search?q=brooklyn+college+student+newspaper&client=safari&sca_esv=335550648f386498&rls=en&sxsrf=AHTn8zqznLwjfGHbv57-KsUBpi6ReZ_kPw%3A1747433532032&ei=PLgnaKnVAfKo5NoP7uuNiAM&oq=brooklyn+college+student+new&gs_lp=Egxnd3Mtd2l6LXNlcnAiHGJyb29rbHluIGNvbGxlZ2Ugc3R1ZGVudCBuZXcqAggAMgsQABiABBiRAhiKBTIGEAAYFhgeMgYQABgWGB4yCxAAGIAEGIYDGIoFMgsQABiABBiGAxiKBTILEAAYgAQYhgMYigUyCxAAGIAEGIYDGIoFMggQABiABBiiBDIIEAAYgAQYogQyBRAAGO8FSKEaUOYBWLMTcAF4AZABAJgBkQGgAcEJqgEDNS43uAEByAEA-AEBmAINoAKcC8ICChAAGLADGNYEGEfCAg0QABiABBiwAxhDGIoFwgIOEAAYsAMY5AIY1gTYAQHCAhMQLhiABBiwAxhDGMgDGIoF2AEBwgIKEAAYgAQYQxiKBcICEBAuGIAEGEMYxwEYigUYrwHCAgoQABiABBgUGIcCwgIFEC4YgATCAgUQABiABMICEBAuGIAEGBQYhwIYxwEYrwHCAhAQLhiABBgUGMcBGIcCGK8BwgILEC4YgAQYxwEYrwGYAwCIBgGQBhO6BgYIARABGAmSBwQyLjExoAfxcLIHBDEuMTG4B-4KwgcGMy0xMS4yyAfBAQ&sclient=gws-wiz-serp,Brooklyn College,NY
The Observer,https://www.thebrowardcollegeobserver.com,Broward College,FL
The Triangle,https://www.bryantriangle.com,Bryan College,TN
Bryant Archway,https://news.bryant.edu,Bryant University,RI
Bi-College News,https://bicollegenews.com,Bryn Mawr College,PA
The Bucknellian,https://bucknellian.net  ,Bucknell University,PA
The Centurion,https://www.bucks-news.com/,Bucks County Community College,PA
The Tack,https://bvtack.com/,Buena Vista University,IA
The Butler Collegian,https://thebutlercollegian.com ,Butler University,IN
The Roadrunner,https://thebcroadrunner.com,Butte College,CA
The Loquitur,https://issuu.com/loquitur,Cabrini University,PA
The Scroll,https://scroll.cairn.edu,Cairn University,PA
The Warhawk News,https://warhawknews.calhoun.edu,Calhoun Community College,AL
The Banner,https://cbubanner.com  ,California Baptist University,CA
The Echo,https://cluecho.com,California Lutheran University,CA
Mustang News,https://mustangnews.net,California Polytechnic State University ,CA
The Poly Post,https://thepolypost.com,California Polytechnic State University Pomona,CA
Mustang News,https://mustangnews.net,California Polytechnic State University San Luis Obispo,CA
The Runner,https://therunneronline.com,California State University-Bakersfield,CA
CI View News,https://civiewnews.com/,California State University-Channel Islands,CA
The Orion,https://theorion.com,California State University-Chico,CA
The Bulletin,https://www.csudhbulletin.com ,California State University-Dominguez Hills,CA
The Pioneer,https://thepioneeronline.com,California State University-East Bay,CA
The Collegian,https://fscollegian.com,California State University-Fresno,CA
Daily Titan,https://dailytitan.com,California State University-Fullerton,CA
Daily 49er,https://lbcurrent.com/news/,California State University-Long Beach,CA
Long Beach Current,https://lbcurrent.com/news/,California State University-Long Beach,CA
The Lutrinae,https://thelutrinae.com,California State University-Monterey Bay,CA
Daily Sundial,https://sundial.csun.edu/category/news/,California State University-Northridge,CA
The State Hornet,https://statehornet.com,California State University-Sacramento,CA
Cougar Chronicle,https://csusmchronicle.com/,California State University-San Marcos,CA
Signal,https://csusignal.com,California State University-Stanislaus,CA
Chimes,https://calvinchimes.org/,Calvin University,MI
Camden County College Times,https://ccctimes.news,Camden County College,NJ
Campus Times,https://thecampustimes.com/,Campbellsville University,KY
The Chimes,https://cuchimes.com,Capital University,OH
The Carletonian,https://thecarletonian.com,Carleton College,MN
The Tartan,https://the-tartan.org,Carnegie Mellon University,PA
The Prospector,https://ccprospector.com/ ,Carroll College,MT
The Observer,https://observer.case.edu,Case Western Reserve University,OH
Chinook,https://caspercollegechinook.com/,Casper College,WY
Castleton Spartan,https://www.castletonspartan.com/,Castleton University,VT
The Pioneer,https://www.catawbapioneer.com,Catawba College,NC
Collegian,https://www.cayuga-cc.edu/students/student-life/collegian/,Cayuga Community College Student newspaper,NY
Seahawk Squawk,https://seahawksquawk.com,Cecil College,MD
Crestiad,https://crestiad.wordpress.com/category/news/,Cedar Crest College,PA
Cedars,https://cedars.cedarville.edu/,Cedarville University,OH
The Conglomerate,https://www.centenarycongo.com,Centenary College of Louisiana,LA
The Cyclone Chronicle,https://www.thecyclonechronicle.com/home,Centenary University,NJ
The CBC Tower,https://www.thecbctower.com,Central Baptist College,AR
CM Life,https://www.cm-life.com/section/news,Central Michigan University,MI
The Broadside,https://thebroadsideonline.com  ,Central Oregon Community College,OR
Knightly News,https://cpcknightlynews.com,Central Penn College,PA
The Gold Torch,https://thegoldtorch.wixsite.com/torch,Central State University,OH
The Observer,https://cwuobserver.com,Central Washington University,WA
The Century Times,https://thecenturytimes.com,Century College,MN
Talon Marks,https://www.talonmarks.com/,Cerritos College,CA
The Eagle,https://www.csc.edu/student-activities/student-clubs--organizations/eagle-newspaper/,Chadron State College,NE
The Breeze,https://www.thebreezepaper.com,Chaffey College,CA
Chaminade Silversword,https://thesilversword.com,Chaminade University of Honolulu,HI
The Crossover,https://champlaincrossover.org,Champlain College,VT
The Panther,https://www.thepanthernewspaper.org,Chapman University,CA
Communiqué,https://chathamcommunique.com,Chatham University,PA
The Griffin,https://medium.com/the-griffin,Chestnut Hill College,PA
The Captain's Log,https://cnuclog.com,Christopher Newport University,VA
The Wrangler Express,https://www.cisco.edu/student-life/clubs-organizations/wrangler-express,Cisco College,TX
The Clarion, http://www.ccclarion.com/,Citrus College,CA
The Herald,https://www.hwctheherald.com,City Colleges of Chicago-Harold Washington,IL
The Uptown Exchange,https://uptownexchange.wordpress.com,City Colleges of Chicago-Harry S. Truman,IL
The Clackamas Print,https://www.theclackamasprint.net,Clackamas Community College,OR
The Muddraker,https://themuddraker.org,Claremont Harvey Mudd College,CA
The Student Life,https://tsl.news,Claremont McKenna College,CA
The Claremont Independent,https://www.claremontindependent.com,Claremont Pitzer College,CA
The Claremont Independent,https://www.claremontindependent.com,Claremont Pomona College,CA
The Claremont Independent,https://www.claremontindependent.com,Claremont Scripps College,CA
Clarion Call,https://issuu.com/theclarioncall,Clarion University,PA
The Panther Newspaper,https://www.caupanther1988.com/,Clark Atlanta University,GA
The Independent,https://www.facebook.com/ClarkIndyNews/,Clark College,WA
The Scarlet,https://thescarlet.org,Clark University,MA
The Tiger,https://thetigercu.com,Clemson University,SC
The Cauldron,https://csu-cauldron.com,Cleveland State University,OH
The Chanticleer,https://www.coastal.edu/aboutccu/historytraditions/thechanticleer/,Coastal Carolina University,SC
The Cosmos,https://www.coe.edu/academics/stewart-memorial-library/research-tools-collections/coe-publications/coe-college-cosmos,Coe College,IA
The Colby Echo,https://colbyecho.news,Colby College,ME
The Colgate Maroon-News,https://thecolgatemaroonnews.com/,Colgate University,NY
The Patriot Press,https://thepatriotpresscf.com,College of Central Florida,FL
The Courier,https://codcourier.org/,College of DuPage,IL
The Chronicle,https://thechronicleclc.com,College of Lake County,IL
The Record,https://csbsjurecord.com,College of Saint Benedict and Saint John's University,MN
Coyote Student News,https://coyotestudentnews.com,College of Southern Nevada,NV
The Spire,https://hcspire.com,College of the Holy Cross,MA
The Outlook,https://www.facebook.com/outlook.cofo/,College of the Ozarks,MO
The Campus Journal,https://thecampusjournal.com,College of the Sequoias,CA
CougMedia,https://cougmedia.com/category/news/,Colorado Christian University,CO
The Criterion,https://thecrite.com,Colorado Mesa University,CO
The Herald Times,https://www.theheraldtimes.com/tag/cncc/,Colorado Northwestern Community College,CO
The Rocky Mountain Collegian,https://collegian.com,Colorado State University,CO
Columbia Daily Spectator,https://www.columbiaspectator.com/,Columbia University,NY
The Uproar,https://uproarcsu.com,Columbus State University,GA
CCBC Connection,http://blog.ccbcmd.edu/connection/,Community College of Baltimore County,MD
The Concordian,https://theconcordian.org,Concordia College,MN
The Spectator,https://spectator.cuchicago.edu,Concordia University Chicago,IL
The Concordia Beacon,https://www.cuw.edu/life/involvement-and-activities/beacon.html,Concordia University Wisconsin,WI
The Sword,https://digitalcommons.csp.edu/sword/,Concordia University- St. Paul,MN
The Concordia Courier,https://concordiacourier.com,Concordia University-Irvine,CA
The College Voice,https://thecollegevoice.org,Connecticut College,CT
Hilltop News,https://hilltop.corban.edu,Corban University,OR
The Crier,https://www.corning-cc.edu/the-crier.php,Corning Community College,NY
Youngtown Edition,https://www.ccm.edu/meet-ccm/campus-life/campus-life-publications/,County College of Morris,NJ
The Cowley Press,https://www.cowleycollegemedia.com,Cowley College,KS
Creightonian,https://www.creightonian.com/,Creighton University,NE
Crowder Sentry,https://www.crowdersentry.net/,Crowder College ,MO
The Cuestonian,https://cuestonian.com,Cuesta College,CA
Wildcat Wire,https://wildcatwire.culver.edu,Culver-Stockton College,MO
The Ticker,https://theticker.org,CUNY Baruch College,NY
The Brooklyn College Vanguard,https://vanguard.blog.brooklyn.edu  ,CUNY Brooklyn College,NY
The Campus,https://www.ccnycampus.org/,CUNY City College of New York,NY
The Banner,https://thebannercsi.com,CUNY College of Staten Island,NY
The Hunter Envoy,https://thehunterenvoy.org,CUNY Hunter College,NY
John Jay Sentinel,https://johnjaysentinel.com/,CUNY John Jay College of Criminal Justice,NY
The Meridian,https://www.lehmanmeridian.com,CUNY Lehman College,NY
The Knight News,https://www.theknightnews.com,CUNY Queens College,NY
Pandora's Box,https://yorkpbnews.net,CUNY York College,NY
The Voice,http://www.cccvoice.com,Cuyahoga Community College,OH
Cypress Chronicle,https://cychron.cypresscollege.edu/,Cypress College,CA
Daemen Insight,https://insight.daemen.edu/category/news/,Daemen College,NY
The Trojan Times,https://trojan-times.com,Dakota State University,SD
The Brookhaven Courier,https://brookhavencourier.com,Dallas College - Brookhaven Campus,TX
The Et Cetera,https://eastfieldnews.com,Dallas College - Eastfield Campus,TX
News-Register,https://nlcnewsregister.com,Dallas College - North Lake Campus,TX
Richland Student Media,https://richlandstudentmedia.com,Dallas College - Richland Campus,TX
The Davidsonian,https://thedavidsonian.news/category/news/  ,Davidson College,NC
In Motion,https://daytonastateinmotion.com/ ,Daytona State College,FL
La Voz News,https://lavozdeanza.com/,De Anza College,CA
The Defender,https://defender.defiance.edu,Defiance College,OH
Foghorn News,https://www.foghornnews.comm,Del Mar College,TX
The Hornet Newspaper,https://thehornetonline.com,Delaware State University,DE
Delta Collegiate,https://deltacollegiate.org ,Delta College,FL
The Delta Statement,https://deltastatement.com,Delta State University,MS
The Denisonian,https://denisonian.com,Denison University,OH
The DePauw,https://thedepauw.com,DePauw University,IN
The Campus Chronicle,https://campuschroniclenews.com,Des Moines Area Community College - Akeny  ,IA
Banner News,https://bannernews.org,Des Moines Area Community College - Boone ,IA
Urban Vibe,https://www.urbanvibenews.com/tag/student-newspaper/,Des Moines Area Community College - Urban,IA
The Inquirer,https://www.dvcinquirer.com,Diablo Valley College,CA
The Dickinsonian,https://thedickinsonian.com,Dickinson College,PA
Courtboullion,https://ducourtbouillon.com/,Dillard University,LA
Doane Owl,https://doaneline.com/2025/05/06/the-doane-owl-may-6-2025/,Doane University,NE
Dominican Star,https://dominicanstar.comm,Dominican University,IL
The Dordt Diamond,https://digitalcollections.dordt.edu/dordt_diamond/,Dordt University,IA
The Times-Delphic,https://timesdelphic.com,Drake University,IA
The Drew Acorn,https://thedrewacorn.com,Drew University,NJ
The Triangle,https://www.thetriangle.org,Drexel University,PA
Drury Mirror,https://drurymirror.orgg,Drury University,MO
The Duquesne Duke,https://duquesneduke.org,Duquesne University,PA
Earlham Word,https://earlhamword.com,Earlham College,IN
The East Carolinian,https://www.piratemedia1.com/theeastcarolinian/,East Carolina University,NC
ECC Cornerstone,https://ecc-cornerstone.com,East Central College,MO
The Hoopee Bird,https://www.ega.edu/current-students/campus-life/student-publications/hoopee-bird.html,East Georgia State College,GA
The Stroud Courier,https://thestroudcourier.com,East Stroudsburg University of Pennsylvania,PA
East Tennesseean,https://easttennessean.com/#google_vignette,East Tennessee State University,TN
The Campus Lantern,https://www.thecampuslantern.com,Eastern Connecticut State University,CT
Daily Eastern News,https://www.dailyeasternnews.com,Eastern Illinois University,IL
The Weather Vane,https://www.theweathervane.org,Eastern Mennonite University,VA
The Chase, https://www.enmuthechaseonline.com/,Eastern New Mexico University,NM
The Voice,https://thevoiceofeou.com,Eastern Oregon University,OR
The Waltonian,https://waltonian.eastern.edu,Eastern University,PA
The Easterner,https://theeasterner.org,Eastern Washington University,WA
Et Cetera,https://eastfieldnews.comm,Eastfield College,TX
The Current,https://www.theonlinecurrent.com,Eckerd College,FL
On the Edge,https://otenews.com,Edgewood College,WI
The Spectator,https://www.edinboronow.com/Spectator,Edinboro University,PA
The Triton Review,https://thetritonreview.com/?full-site,Edmonds Community College,WA
The Union,https://eccunion.com/,El Camino College,CA
Tejano Tribune,https://www.tejanotribune.com,El Paso Community College,TX
The Observer,https://elginobserver.com,Elgin Community College,IL
The Etownian,https://etownian.com,Elizabethtown College,PA
The Leader,https://elmhurstleader.com,Elmhurst University,IL
Horizons Newspaper,https://eaglelife.erau.edu/HORIZONS/blog/issue-12-vol-41/25157/,Embry-Riddle Aeronautical University,FL
The Berkeley Beacon,https://berkeleybeacon.com,Emerson College,MA
The Hub,https://ecthehubcom.wordpress.com,Emmanuel College,MA
The Whitetopper,https://whitetopper.weebly.com,Emory & Henry College,VA
The Bulletin,https://www.esubulletin.com  ,Emporia State University,KS
Endicott Observer,https://www.endicottobserver.com,Endicott College,MA
The Lance,https://lance.evangelvalormedia.com/the-lance/,Evangel University,MO
The Clipper,https://everettclipper.com,Everett Community College,WA
The Fairfield Mirror,https://therearview.org,Fairfield University,CT
Equinox,https://www.instagram.com/equinoxfdu/,Fairleigh Dickinson University,NJ
The Columns,https://columnsfairmontstate.com,Fairmont State University,WV
The Voice,https://www.fsuthevoice.com,Fayetteville State University,NC
The Ferris State Torch,https://fsutorch.com,Ferris State University,MI
The Iron Blade,https://ironbladenews.com,Ferrum College,VA
Gargoyle,https://gargoyle.flagler.edu/,Flagler College,FL
University Press,https://www.upressonline.com,Florida Atlantic University,FL
Eagle News,https://eaglenews.org,Florida Gulf Coast University,FL
The Crimson,https://www.crimson.fit.edu,Florida Institute of Technology,FL
PantherNOW,https://panthernow.com,Florida International University,FL
The Southern,https://fscsouthern.com,Florida Southern College,FL
The Campus Voice,https://thecampusvoice.wordpress.com,Florida State College at Jacksonville,FL
FSView & Florida Flambeau,https://www.fsunews.com/,Florida State University,FL
The Observer,https://fordhamobserver.com,Fordham University Lincoln Center,NY
The Fordham Ram,https://thefordhamram.com/news/,Fordham University Rose Hill,NY
Tiger Media Network,https://tigermedianet.com,Fort Hays State University,KS
The Independent,https://www.theindyonline.com,Fort Lewis College,CO
The Gatepost,https://www.fsugatepost.com/all-news,Framingham State University,MA
The Patriot,https://patriotnewsonline.com,Francis Marion University,SC
The Troubadour,https://troubonline.com,Franciscan University of Steubenville,OH
The College Reporter,https://www.the-college-reporter.com,Franklin & Marshall College,PA
The Franklin,https://www.thefranklinnews.com/news/,Franklin College,IN
Pierce Arrow,https://piercearrow.org,Franklin Pierce University,NH
The Commuter,https://thecommuter.org,Frederick Community College,MD
The Syrinx,https://medium.com/the-syrinx,Fresno Pacific University,CA
The Front Page,https://thefrontpagefrcc.com/,Front Range Community College,CO
The Bottom Line News,https://thebottomlinenews.com/news/ ,Frostburg State University,MD
The Hornet,https://fchornetmedia.com,Fullerton College,CA
Paladin Newspaper,https://thepaladin.news,Furman University,SC
Cardinal Arts Journal,https://cardinalartsjournal.org,Gadsden State Community College,AL
The Gannon Knight,https://gannonknight.com/news/,Gannon University,PA
GC3 Media (includes Silhouette newspaper),https://gc3media.net,Garden City Community College,KS
GWU Today,https://gwu-today.com/?cat=2,Gardner Webb University,NC
The Geneva Cabinet,https://www.thegenevacabinet.com,Geneva College,PA
The Crescent,https://www.gfucrescent.com,George Fox University,OR
Fourth Estate,https://gmufourthestate.com,George Mason University,VA
The Globe,https://theglobeggc.net,Georgia Gwinnett College,GA
Six Mile Post,https://sixmilepost.com,Georgia Highlands College,GA
Technique,https://nique.net,Georgia Institute of Technology,GA
The George-Anne,https://thegeorgeanne.com/,Georgia Southern University,GA
Sou'Wester ,https://www.gsw.edu/student-life/clubs-orgs/souwester/,Georgia Southwestern State University,GA
The Signal,https://georgiastatesignal.com,Georgia State University,GA
The Gettysburgian,https://gettysburgian.com/category/news/,Gettysburg College,PA
El Vaquero,https://elvaq.com ,Glendale Community College,CA
Gonzaga Bulletin,https://www.gonzagabulletin.com,Gonzaga University,WA
The Tartan,https://tartan.gordon.edu,Gordon College,MA
The Record,https://record.goshen.edu,Goshen College,IN
The Quindecim,https://quinnews.com,Goucher College,MD
The Phoenix Newspaper,https://jaguarstudentmedia.org,Governors State University,IL
The Sounding Board,https://gracesoundingboard.wordpress.com/,Grace College,IN
The Tower,https://www.gracelandbuzz.org/towernewspaper,Graceland University,IA
The Collegiate,https://thecollegiatelive.com,Grand Rapids Community College,MI
Grand Valley Lanthorn,https://lanthorn.com,Grand Valley State University,MI
Viewfinder,https://www.viewfindergv.com,Grand View University,IA
The Viking Newspaper,https://www.grayson.edu/the-viking/index.html,Grayson College,TX
The Current,https://www.thegrcurrent.com,Green River College,WA
The Collegian,https://thegccollegian.com,Greensboro College,NC
The Scarlet & Black,https://thesandb.com,Grinnell College,IA
The Summit,https://gcsummit.com/,Grossmont Community College Student newspaper,CA
The Guilfordian,https://www.guilfordian.com,Guilford College,NC
The Gustavian Weekly,https://weekly.blog.gustavus.edu,Gustavus Adolphus College,MN
Griffins Den,https://www.gmercyu.edu/griffins-den/,Gwynedd Mercy University,PA
The Spectator,https://spec.hamilton.edu,Hamilton College,NY
The Oracle,https://hamlineoracle.com,Hamline University,MN
Hampton Script,https://hamptonscript.com/,Hampton University,VA
The Triangle,https://hctriangle.com,Hanover College,IN
The Bison,https://thelink.harding.edu/the-bison/ ,Harding University,AR
The Owl,https://www.harford.edu/experience/student-life/owl-media.php,Harford Community College Student newspaper,MD
Harbinger,https://harbinger.media,Harper College,IL
Live Wire,https://lancasteronline.com/news/,Harrisburg Area Community College-Lancaster,PA
The Indian Leader,https://theindianleader.com,Haskell Indian Nations University,KS
The Collegian,https://hccollegian.net,Hastings College,NE
Clerk,https://haverfordclerk.com,Haverford College,PA
The Kilikilik,https://thekilikilik.wordpress.com,Heidelberg University,OH
Oracle,https://hsuoracle.com/,Henderson State University,AR
The Profile,https://hendrixprofile.wordpress.com,Hendrix College,AR
Mirror News,https://mirrornews.hfcc.edu,Henry Ford College,MI
Campus Chronicle,https://www.campus-chronicle.com/,High Point University,NC
The Thunderword,https://thunderword.highline.edu,Highline College,WA
The Hawkeye,https://www.hawkeyenews.net,Hillsborough Community College,FL
The Herald,https://hwsherald.com,Hobart and William Smith Colleges,NY
Hofstra Chronicle,https://thehofstrachronicle.com/,Hofstra University,NY
Growl,https://holmescc.edu/student-life/student-publications/,Holmes Community College,MS
The Observer,https://www.ndsmcobserver.com/section/news,Holy Cross College,IN
The Blue and Grey,https://theblueandgrey.com ,Hood College,MD
The Anchor,https://anchor.hope.edu,Hope College,MI
The Egalitarian,https://hccegalitarian.com/,Houston Community College ,TX
HCC Times,https://hcctimes.org,Howard Community College,MD
Hilltops,https://thehilltoponline.com/,Howard University,D.C.
The Hudsonian,https://thehudsonian.org/,Hudson Valley Community College ,NY
The Lumberjack,https://thelumberjack.org,Humboldt State University,CA
The Prelude,https://www.huntingdon.edu/campus-life/get-involved/prelude-guidelines-for-submission/,Huntingdon College,AL
The Hutchinson Collegian,http://hutchcollegian.com,Hutchinson Community College,KS
The Bengal,https://isubengal.com  ,Idaho State University,ID
The Vidette,https://www.videtteonline.com,Illinois State University,IL
The Vidette,https://www.videtteonline.com/,Illinois State University ,IL
Onyx Connect Media ,https://www.instagram.com/_theonyxconnectisu?igsh=MWppMTJ3Y2drdXAzeA%3D%3D&utm_source=qr,Illinois State University ,IL
The Argus,https://www.iwuargus.com ,Illinois Wesleyan University,IL
Indiana Statesman,https://www.isustudentmedia.com/indianastatesman/,Indiana State University,IN
The Campus Citizen,https://www.thecampuscitizen.com/,Indiana University Indianapolis ,IN
The Correspondent,https://iuknews.org,Indiana University Kokomo,IN
The Penn,https://www.thepenn.org,Indiana University of Pennsylvania,PA
The Penn,https://www.thepenn.org/,Indiana University of Pennsylvania-Main Campus,PA
The Preface,https://iusbpreface.net,Indiana University South Bend,IN
The Horizon,https://iushorizon.com,Indiana University Southeast,IN
The Sojourn,https://thesojourn.online,Indiana Wesleyan University,IN
The Ionian,https://theionian.org,Iona College,NY
The Collegian,http://www.iowacentralcollegian.com,Iowa Central Community College,IA
The Ithacan,https://theithacan.org,Ithaca College,NY
The Blue & White Flash,https://sites.jsums.edu/theflash/ ,Jackson State University,MS
The Chanticleer, https://jsuchanticleer.com/,Jacksonville State University,AL
The Breeze,https://www.breezejmu.org  ,James Madison University,VA
The Pioneer,https://library.jeffersonstate.edu/Vol35-Iss2,Jefferson State Community College,AL
The Volunteer,https://jalcvol.com,John A. Logan College ,IL
Threefold Advocate,https://advocate.jbu.edu,John Brown University,AR
Carroll News,https://carrollnews.org/,John Carroll University,OH
The Campus Ledger,https://blogs.jccc.edu/campusledger/,Johnson County Community College,KS
The Index,https://index.kzoo.edu,Kalamazoo College,MI
The Collegian,https://kstatecollegian.com,Kansas State University,KS
The Advance Newspaper,https://www.kwustudentmedia.com/category/news/?qtajax=true,Kansas Wesleyan University,KS
The Tower,https://kutower.com,Kean University,NJ
The Equinox,https://kscequinox.com,Keene State College,NH
The Bruin News,https://thebruinnews.com ,Kellogg Community College,MI
The Sentinel,https://theksusentinel.com,Kennesaw State University,GA
The Kent Stater,https://kentstater.com,Kent State University,OH
The Thorobred News,https://ksuthorobrednews.org,Kentucky State University,KY
The Kenyon Collegian,https://kenyoncollegian.com,Kenyon College,OH
The Crown,https://crown.kings.edu,King's College,PA
The Scepter,https://www.kbcc.cuny.edu/scepter/index.html,Kingsborough Community College ,NY
Eagle Voice,https://www.eaglevoice.com ,Kirkwood Community College,IA
The Knox Student,https://theknoxstudent.org,Knox College,IL
Keystone Newspaper,https://thekeystonenews.com,Kutztown University of Pennsylvania,PA
The Redhawk Post,https://redhawkpost.com,La Roche University,PA
La Salle Collegian,https://thelasallecollegian.com/news/,La Salle University,PA
The Lafayette,https://lafayettestudentnews.com,Lafayette College,PA
The Hilltop News,https://lchilltopnews.org,LaGrange College,GA
The Stentor,https://stentornews.com,Lake Forest College,IL
The Navigator News,https://thenavigatornews.com,Lake Land College,IL
The Angler,https://lsscangler.com,Lake Sumpter State College,FL
University Press,https://www.lamaruniversitypress.com,Lamar University,TX
The Lander Forum,https://www.lander.edu/academics/_files/documents/dept-english/March-2025-Forum-b.pdf,Lander University,SC
The Torch,https://lcctorch.com,Lane Community College,OR
The Gazette,https://langstongazette.com,Langston University,OK
The Lookout,https://www.lcc.edu/lookout/index.html,Lansing Community College,MI
The Wingspan,https://wyomingnewspapers.org/?a=q&hs=1&r=1&results=1&txf=txIN%7CtxCO%7CtxTA&txq=the+wingspan&e=-------en-20--1--img-txIN%7CtxCO%7CtxTA--------0------,Laramie County Community College,WY
The Express,https://lpcexpressnews.com/,Las Positas College,CA
1851 Chronicle,https://www.1851chronicle.org/,Lasell University,MA
The Lawrentian,https://www.lawrentian.com,Lawrence University,WI
La Vie Collegienne,http://wordpress.lvc.edu/wordpress/lavie/,Lebanon Valley College,PA
Lee Clarion,https://www.leeclarion.com/,Lee University,TN
Ka Mana'o,https://www.kamanaoleeward.com,Leeward Community College,HI
The Paw Print,https://www.lcccpawprint.net,Lehigh Carbon Community College,PA
The Brown and White,https://thebrownandwhite.com ,Lehigh University,PA
Lesley Public Post,https://digitalcommons.lesley.edu/lesley_current/,Lesley University,MA
The Mossy Log,https://mossylog.org,Lewis & Clark College,OR
The Bridge,http://thelcbridge.com  ,Lewis and Clark Community College ,IL
The Flyer,https://thelewisflyer.com,Lewis University,IL
The Pathfinder,https://www.lcsc.edu/student-involvement/student-media/student-newspaper-pathfinder,Lewis-Clark State College,ID
Liberty Champion,https://www.liberty.edu/champion/category/news/,Liberty University,VA
The Lamp,https://thelamponline.com,Lincoln Land Community College,IL
The Clarion,https://myclarionnews.wordpress.com/,Lincoln University,MO
Lindenlink,https://lindenlink.com/category/news/,Lindenwood University,MO
The Linfield Review,https://thelinfieldreview.com,Linfield University,OR
The Commuter,https://lbcommuter.com,Linn-Benton Community College,OR
Lumination Network,https://lipscombmedia.com/category/news/,Lipscomb University,TN
Eagle Eye,https://lhueagleeye.com,Lock Haven University,PA
The Tide (same as The Pioneer),https://liuthetide.com,Long Island University,NY
The Rotunda,https://www.therotundaonline.com,Longwood University,VA
The Collegian,https://collegian.lorainccc.edu,Lorain County Community College,OH
The Valley Star News,https://www.thevalleystarnews.com,Los Angeles Valley College,CA
The Almagest,https://thealmagest.org/,Louisiana State University Shreveport,LA
The Los Angeles Loyolan,https://www.laloyolan.com,Loyola Marymount University,CA
Loyola Phoenix,https://loyolaphoenix.com/section/news/,Loyola University Chicago,IL
The Greyhound,https://thegreyhound.org,Loyola University Maryland,MD
Luther College Chip,https://www.lutherchips.com/category/news/,Luther College,IA
iPulse,https://ipulsenews.com/news/,Lynn University,MA
The Highlander,https://www.lyonhighlander.com,Lyon College,AR
The Mac Weekly,https://themacweekly.com,Macalester College,MN
The Clarion,https://www.theonlineclarion.com,Madison Area Technical College,WI
The Quadrangle,https://mcquad.org,Manhattan College,NY
The Flashlight,https://library.commonwealthu.edu/mansfield-history/flashlight,Mansfield University of Pennsylvania,PA
MU Knightwatch,https://themarianphoenix.com,Marian University Indianapolis,IN
Marcolian,https://www.marcolian.com,Marietta College,OH
Marist Circle,https://www.maristcircle.com/,Marist College,NY
Marquette Wire,https://marquettewire.org,Marquette University,WI
The Parthenon,https://marshallparthenon.com,Marshall University,WV
The Monitor,https://themonitormmc.com,Marymount Manhattan College,NY
The Banner,https://mubanner.com/,Marymount University,VA
Pawprint,https://www.maryvillepawprint.com,Maryville University,MO
The Wood Word,https://www.thewoodword.org,Marywood University,PA
The Tech,https://thetech.com,Massachusetts Institute of Technology,MA
The McDaniel Free Press,http://www.mcdanielfreepress.com,McDaniel College,MD
The Spectator,https://spectator.mcpherson.edu,McPherson College,KS
The Voice,https://www.mcccvoice.org/,Mercer County Community College ,NJ
Mercer Cluster,https://www.mercercluster.comm,Mercer University,GA
The Impact,https://theimpactnews.com/,Mercy College,NY
The Merciad,https://www.mercyhurst.edu/campus-life/merciad,Mercyhurst University,PA
Meredith Herald,https://www.meredithherald.comm,Meredith College,NC
The Beacon,https://merrimacknewspaper.com  ,Merrimack College,MA
Mesa CC Legend,https://mesalegend.comm,Mesa Community College,AZ
The Pulse,https://pulse.messiah.edu,Messiah University,PA
The Metropolitan,https://themetropolitan.metrostate.edu,Metropolitan State University,MN
The Metropolitan,https://www.mymetmedia.com/entity/metropolitan/,Metropolitan State University - Denver,CO
The Reporter,https://mdcthereporter.com,"Miami Dade College - Wolfson Campus, North Campus, and Kendall Campus",FL
Miami Regionals Pulse News,https://sites.miamioh.edu/mu-regional-pulse/,Miami Regional University ,FL
The Miami Student,https://www.miamistudent.net,Miami University,OH
The Lode,https://mtulode.com,Michigan Technological University,MI
The Statement,https://statementmga.wordpress.com,Middle Georgia State University,GA
Sidelines,https://mtsusidelines.com,Middle Tennessee State University,TN
The Middlebury Campus,https://www.middleburycampus.com,Middlebury College,VT
The Wichitan,https://thewichitan.com,Midwestern State University,TX
The Snapper,https://blogs.millersville.edu/thesnapper/,Millersville University,PA
Milligan Stampede,https://www.milliganstampede.com,Milligan College,TN
The Decaturian ,https://decaturian.com/,Millikin University,IL
The Purple and White,https://millsapspandw.wordpress.com,Millsaps College,MS
MATC Times,https://matctimes360.com,Milwaukee Area Technical College,WI
Red & Green,https://www.minotstateu.edu/redgreen/,Minot State University,ND
The Highlander,https://thehighlandernews.org,Misericordia University,PA
Blue & Gold Media,https://www.blueandgoldmc.com,Mississippi College,MS
The Reflector,https://reflector-online.com,Mississippi State University,MS
MUW Spectator,http://www.muwspectator.com,Mississippi University for Women,MS
The Chart,https://www.thechartonline.com/,Missouri Southern State University,MO
The Standard,https://www.the-standard.org,Missouri State University,MO
The Griffon News,https://www.thegriffonnews.com/,Missouri Western State University,MO
The Courier,https://www.monmouthcollegecourier.org,Monmouth College,IL
The Outlook,https://outlook.monmouth.edu,Monmouth University,NJ
Agora,https://mcccagora.com,Monroe County Community College,MI
The MSU Exponent,https://www.msuexponent.com,Montana State University,MT
The Montclarion,https://themontclarion.org,Montclair State University,NJ
The Advocate,https://mcadvocate.com,Montgomery College,MD
The Whetstone,https://newspapers.digitalnc.org/search/pages/results/?proxtext=whetstone&proxdistance=5&ortext=&andtext=&phrasetext=&county=&date1=&date2=&lccn=2016236513&lccn=2016236509&lccn=2016236508&lccn=2016236507&lccn=2016236506&lccn=2016236505&lccn=2016236504&lccn=2016236503&lccn=2016236502&lccn=2016236501&page=26&sort=date,Montreat College,NC
The Glacier,https://mvccglacier.com/category/news/,Moraine Valley Community College,IL
The Comenian,https://comenian.org,Moravian University,PA
The Trail Blazer,https://www.thetrailblazeronline.net,Morehead State University,KY
The Spokesman,https://themsuspokesman.com,Morgan State University,MD
The Collegian Reporter,https://wordpress.morningside.edu/thecr/,Morningside College,IA
The Belltower,https://belltower.mtaloy.edu  ,Mount Aloysius College,PA
The Mount Holyoke News,https://www.mountholyokenews.com,Mount Holyoke College,MA
Arches,http://archesnews.com/,Mount Mary University,WI
Mount Mercy Times,https://mountmercytimes.home.blog,Mount Mercy University,IA
The Mountain Echo,https://www.msmuecho.com,Mount St. Mary's University,MD
Mt. Observer,https://www.mountobserver.com/,Mount Wachusett Community College ,MA
The Advocate,https://www.advocate-online.net/news-2/,Mt. Hood Community College,OR
SAC Media,https://sac.media/,Mt. San Antonio College,CA
The Muhlenberg Weekly,https://muhlenbergweekly.com,Muhlenberg College,PA
The Murray State News,https://murraystatenews.org,Murray State University,KY
Catalyst,https://ncfcatalyst.com/,New College of Florida,FL
The NewEnglander,https://www.the-new-englander.com,New England College,NH
The Gothic Times,https://gothictimes.net,New Jersey City University,NJ
The Vector,https://njitvector.com,New Jersey Institute of Technology,NJ
The Round Up,https://nmsuroundup.com,New Mexico State University,NM
Washington Square News,https://nyunews.com,New York University,NY
The Vantage,https://www.newmanvantage.com,Newman University,KS
The Nicholls Worth,https://thenichollsworth.com/the-nicholls-worth/,Nicholls State University,LA
Spartan Echo,https://spartanecho.org,Norfolk State University,VA
The A&T Register,https://ncatregister.com,North Carolina A&T University,NC
Campus Echo,https://campusecho.com,North Carolina Central University,NC
Technician,https://www.technicianonline.com,North Carolina State University,NC
The Nubian Message,https://thenubianmessage.com/,North Carolina State University,NC
The Decree,https://anyflip.com/kosg/nbmo/,North Carolina Wesleyan College,NC
The Chronicle,https://ncclinked.com/,North Central College,IL
The Spectrum,https://ndsuspectrum.com,North Dakota State University,ND
The Vision,https://thevisionngu.com,North Greenville University,SC
The Sentinel,https://nicsentinel.com,North Idaho College,ID
News-Register,https://nlcnewsregister.com,North Lake College,TX
The Commuter,https://www.commuterncc.com/blog,Northampton Community College,PA
Aurora,https://www.nacc.edu/programs-of-study/english-and-fine-arts-division/english-department/aurora,Northeast Alabama Community College,AL
The Viewpoint,https://neviewpoint.com/about/,Northeast Community College,NE
The Eagle,http://www.ntcceagleonline.com,Northeast Texas Community College,TX
The Independent,https://neiuindependent.org,Northeastern Illinois University,IL
The Northeastern,https://www.nsunews.com/,Northeastern State University,OK
The Huntington News,https://huntnewsnu.com,Northeastern University,MA
The Lumberjack,https://www.jackcentral.org,Northern Arizona University,AZ
The Mirror,https://www.uncmirror.com/,University of Northern Colorado,CO
NECC Observer,https://observer.necc.mass.edu,Northern Essex Community College,MA
Northern Star,https://northernstar.info/,Northern Illinois University,IL
The North Wind,https://thenorthwindonline.com,Northern Michigan University,MI
Exponent,https://exponentnsu.wordpress.com/home/,Northern State University,SD
Basement Medicine,https://www.basementmedicine.org,Northern Vermont University - Johnson,VT
The Critic,https://nvulyndoncritic.com/,Northern Vermont University - Lyndon,VT
Eagle View,https://eagleview.news.blog/blog/,Northwest Arkansas Community College,AR
Northwest Missourian,https://www.nwmissourinews.com/,Northwest Missouri State University,MO
White Pine Press,https://www.whitepinepresstc.com,Northwestern Michigan College,MI
Ranger Pulse,https://northwesternnews.rangerpulse.com,Northwestern Oklahoma State University,OK
The Voice,https://nccvoice.wixsite.com/mysite/news,Norwalk Community College,CT
The Guidon,https://norwichguidon.org,Norwich University,VT
The Current,https://www.makomedia.nova.edu,Nova Southeastern University,FL
Oakland Post,https://oaklandpostonline.com/,Oakland University,MI
Occurence,https://oaktonoccurrence.com/,Oakton Community College,IL
The Oberlin Review,https://oberlinreview.org,Oberlin College,OH
The Occidental,https://theoccidentalnews.com,Occidental College,CA
Northern Review,https://northernreview.org,Ohio Northern University,OH
The Transcript,https://owutranscript.com,Ohio Wesleyan University,OH
The Bison,https://www.google.com/search?client=safari&rls=en&q=The+Bison%2C+https%3A%2F%2Fthebisonnews.com%2F&ie=UTF-8&oe=UTF-8,Oklahoma Baptist University,OK
Talon News,http://www.talon.news,Oklahoma Christian University,OK
Media OCU,http://mediaocu.com/,Oklahoma City University,OK
Mace and Crown,https://maceandcrown.com,Old Dominion University,VA
The Oracle,https://oruoracle.com/,Oral Roberts University,OK
The Daily Barometer,https://dailybaro.orangemedianetwork.com,Oregon State University,OR
T&C Media,https://www.tandcmedia.org,Otterbein University,OH
The Signal,https://www.obusignal.com,Ouachita Baptist University,AR
The Pace Press,https://thepacepress.org/,Pace University,NY
The Pace Chronicle,https://pacechronicle.com,Pace University Pleasantville,NY
The Mast,https://www.plu.edu/studentmedia/mooring-mast/,Pacific Lutheran University,WA
Pacific Index,https://pacindex.com,Pacific University,OR
The Beacon Today,https://www.thebeacontoday.com  ,Palm Beach Atlantic University,FL
Beachcomber,https://www.facebook.com/PBSCBeachcomber/,Palm Beach State College,FL
Stylus,https://www.stylusonline.org,Park University,MO
Prospectus,https://www.prospectusnews.com/ ,Parkland College,IL
PCC Courier,https://www.pcccourier.com/ ,Pasadena City College,CA
Visions Newspaper,https://www.visionsnewspaper.com,Passaic County Community College,NJ
The Buccaneer,https://www.passthebuc.com  ,Peninsula College,WA
The Roar,https://sites.psu.edu/theroar/,Penn State Beaver,PA
The Behrend Beacon,https://behrendbeacon.com ,Penn State Behrend,PA
Nittany Pride, https://nittanypride.wordpress.com/,Penn State New Kensington,PA
The Corsair,https://ecorsair.pensacolastate.edu/ ,Pensacola State College,FL
Peru State Times,https://www.peru.edu/newsroom/all-news/2/  ,Peru State College,NE
The Forum,https://www.piedmontforum.com,Piedmont Community College,NC
The Roar,https://piedmontroar.com/roar-news/,Piedmont University,GA
The Forum,https://www.piedmontforum.com,Piedmont Virginia Community College,VA
Pierce College Roundup,https://theroundupnews.com,Pierce College,CA
Puyallup Post,https://puyalluppost.com/ ,Pierce College Fort Steilacoom,WA
The Pikes Peak Echo,https://pikespeakpaper.org,Pikes Peak State College,CO
Aztec Press Online,https://www.pimapost.com,Pima Community College,AZ
The Collegio,https://psucollegio.com,Pittsburg State University,KS
The Clock Online,https://www.plymouth.edu/theclock/,Plymouth State University,NH
The Point,https://lomabeat.com,Point Loma Nazarene University,CA
The Globe,https://ppuglobe.com/#The%20Globe,Point Park University,PA
PSU Vanguard,https://psuvanguard.com,Portland State University,OR
The Pioneer,https://pscpioneer.com,Prairie State College,IL
The Panther,http://www.pvpanther.com,Prairie View A&M University,TX
The Prattler,https://www.prattleronline.com,Pratt Institute,NY
The Daily Princetonian,https://www.dailyprincetonian.com/section/news,Princeton University,NJ
The Cowl,https://www.thecowl.com/,Providence College,RI
PNW Pioneer,https://pnwpioneer.com/,Purdue University Northwest,IN
The Falcon,https://qumedia.net/the-falcon/,Quincy University,IL
The Quinnipiac Chronicle,https://quchronicle.com,Quinnipiac University,CT
The Tartan,https://rutartan.com,Radford University,VA
Ramapo News,https://www.ramaponews.com,Ramapo College of New Jersey,NJ
The Yellow Jacket,https://yjpaper.org,Randolph-Macon College,VA
The Record,https://rvccrecord.com,Raritan Valley Community College,NJ
The Front Street Journal,https://www.thefrontstreetjournal.com,Reading Area Community College,PA
The Reed College Quest,https://www.reedquest.org,Reed College,OR
Daily Runner,https://dailyrunneronline.com ,Regent University,VA
The Regis Highlander,https://ruhighlander.org,Regis University,CO
The Polytechnic,https://poly.rpi.edu/,Rensselaer Polytechnic Institute,NY
The Anchor,https://www.anchorweb.org,Rhode Island College,RI
The College Hill Independent,https://www.theindy.org/about,Rhode Island School of Design,RI
The Sou'wester,https://rhodes.presence.io/organization/the-souwester,Rhodes College,TN
Richland Chronicle,https://richlandstudentmedia.com/category/online-only/,Richland College,TX
The Rider News,https://theridernews.com,Rider University,NJ
College Days,https://riponmedia.com/college-days/,Ripon College,WI
Viewpoints,https://viewpointsonline.org,Riverside City College,CA
Brackety-Ack,https://brackety-ack.com,Roanoke College,VA
Sentry Media,https://www.rmusentrymedia.com,Robert Morris University,PA
Reporter Magazine,https://reporter.rit.edu/,Rochester Institute of Technology,NY
The Valley Forge,https://www.rvcvalleyforge.com,Rock Valley College,IL
The Sentinel,https://rusentinel.com,Rockhurst University,MO
Outlook Student Press,https://medium.com/@outlookstudentpressrcc,Rockland Community College,NY
"The Rocky Mountain Collegian, The Summit",https://collegian.com,Rocky Mountain College,MT
The Hawks' Herald,https://rwuhawksherald.com,Roger Williams University,RI
The Sandspur,https://www.thesandspur.org,Rollins College,FL
The Torch,https://rutorch.wordpress.com,Roosevelt University,IL
15th Street News,https://www.15thstreetnews.org/,Rose State College,OK
The Whit,https://thewhitonline.com,Rowan University,NJ
The Daily Targum,https://dailytargum.com/,Rutgers University-Camden,NJ
The Observer,https://rutgersobserver.wordpress.com,Rutgers University-Newark,NJ
The Gleaner,https://gleaner.rutgers.edu/category/news-features/,Rutgers-Camden,NJ
The Daily Targum,https://dailytargum.com/category/news,Rutgers-New Brunswick,NJ
Spectrum,https://www.shuspectrum.com,Sacred Heart University,CT
Lariat,https://lariatnews.com,Saddleback College,CA
The Valley Vanguard,https://thevalleyvanguard.com,Saginaw Valley State University,MI
University Chronicle,http://universitychron.com/,Saint Cloud State University,MN
The Troubadour,https://troubadour.francis.edu,Saint Francis University,PA
The Hawk Newspaper,https://sjuhawknews.com,Saint Joseph's University,PA
The Lions' Pride,https://lionsprideonline.com/,Saint Leo University,FL
The Forum,https://www.theforumfv.com/,Saint Louis Community College-Florissant Valley                                                                                                                                                                                                ,MO
The Scene,https://thescenefp.com,Saint Louis Community College-Forest Park,MO
The Montage,https://www.meramecmontage.com,Saint Louis Community College-Meramec,MO
The University News,https://unewsonline.com,Saint Louis University,MO
The Observer,https://www.ndsmcobserver.com,Saint Mary's College,IN
The Collegian,https://www.smccollegian.org,Saint Mary's College of California,CA
Defender,https://defender.smcvt.edu,Saint Michael's College,VT
Saint Peter's Tribune,https://www.saintpeterstribune.com,Saint Peter's University,NJ
The Xavierite,https://sxustudentmedia.com/category/news/,Saint Xavier University,IL
The Salemite,https://thesalemite.com,Salem College,NC
The Flyer,https://www.thesuflyer.com,Salisbury University,MD
The Globe,https://www.globeslcc.com,Salt Lake Community College,UT
Mosaic,https://www.srumosaic.com,Salve Regina University,RI
The Samford Crimson,https://www.thesamfordcrimson.com/,Samford University,AL
The Sundial,https://sacsundial.com,San Antonio College,TX
City Times,https://sdcitytimes.com/,San Diego City College,CA
The Mesa Press,https://www.mesapress.com/,San Diego Mesa College,CA
Golden Gate Xpress,https://goldengatexpress.org,San Francisco State University,CA
San Jacinto Times,https://sanjactimes.com,San Jacinto College Central,TX
The Collegian ,https://deltacollegian.net,San Joaquin Delta College,CA
Spartan Daily,https://sjsunews.com/publication/spartan-daily,San Jose State University,CA
el Don News,https://eldonnews.org,Santa Ana College,CA
The Santa Clara,https://www.thesantaclara.org,Santa Clara University,CA
The Corsair,https://www.thecorsaironline.com,Santa Monica College,CA
The Oak Leaf,https://www.theoakleafnews.com/,Santa Rosa Junior College,CA
The Phoenix,https://sarahlawrencephoenix.com,Sarah Lawrence College,NY
The Connector,https://scadconnector.com,Savannah College of Art and Design-Atlanta,GA
District,https://scaddistrict.com,Savannah College of Art and Design-Savannah,GA
The Tiger's Roar,https://www.tigersroar.com,Savannah State University,GA
Schoolcraft Connection,https://schoolcraftconnection.com,Schoolcraft College,MI
The Falcon,https://thefalcon.seapacmedia.com,Seattle Pacific University,WA
The Spectator,https://seattlespectator.com,Seattle University,WA
The Setonian,https://www.thesetonian.com,Seton Hall University,NJ
Setonian,https://setonianonline.com,Seton Hill University,PA
The Sewanee Purple,https://thesewaneepurple.org,Sewanee: The University of the South,TN
Crusader News,https://crusadernews.com/news-2/,Seward County Community College,KS
The Chronicle,https://shawneestatechronicle.com/,Shawnee State University,OH
SUPicket,https://supicket.com,Shepherd University,WV
The Slate,https://www.theslateonline.com,Shippensburg University,PA
Spectra,https://www.shuspectra.com,Siena Heights University,MI
The Simmons Voice,https://simmonsvoice.com,Simmons University,MA
The Simpsonian,https://thesimpsonian.com,Simpson College,IA
The Clarion,https://www.sinclairclarion.com,Sinclair Community College,OH
The Skidmore News,https://skidmorenews.com/news,Skidmore College,NY
The Skyline View,https://www.theskylineview.com/,Skyline College,CA
The Rocket,https://www.theonlinerocket.com,Slippery Rock University,PA
The Sophian,https://thesophian.com,Smith College,MA
Snowdrift,https://www.snowcollegenews.com,Snow College ,UT
Sonoma State Star,https://sonomastatestar.com,Sonoma State University,CA
The Collegian,https://sdsucollegian.com,South Dakota State University,SD
The Lion's Roar,https://lionsroarnews.com,Southeastern Louisiana University,LA
The Southeastern,https://thesoutheastern.com,Southeastern Oklahoma State University,OK
Southern News,https://thesouthernnews.org,Southern Connecticut State University,CT
Daily Egyptian,https://dailyegyptian.com,Southern Illinois University,IL
The Alestle,http://www.alestlelive.com/,Southern Illinois University-Edwardsville,IL
The Echo,https://echo.snu.edu,Southern Nazarene University,OK
The Penmen Press,https://penmenpress.com,Southern New Hampshire University,NH
The Siskiyou,https://siskiyou.sou.edu,Southern Oregon University,OR
The Observer,https://www.suno.edu/page/the-observer,Southern University at New Orleans,LA
SUU News,https://suunews.net,Southern Utah University,UT
The Herald,https://medium.com/theherald,Southern Virginia University,VA
The Mustang Buzz,https://www.mustangbuzz.net,Southwest Minnesota State University,MN
The Sun,https://swcsun.org,Southwestern College,CA
The Trailblazer,https://smctrailblazer.com,Spartanburg Methodist College,SC
The Blueprint ,https://thespelmanblueprint.framer.website/,Spelman College ,GA
The Communicator,https://communicatoronline.org,Spokane Falls Community College,WA
The SpringHillian,https://thespringhillian.com,Spring Hill College,AL
,https://scstudentmedia.com/,Springfield College,MA
The Buzz,https://sauthebuzz.com ,St. Ambrose University,IA
The Crier Newspaper,https://criernewsroom.com,St. Anselm College,NH
The Wheel,https://www.stkateswheel.org,St. Catherine University,MN
University Chronicle,https://www.universitychron.com,St. Cloud State University,MN
Hilltop Views,https://www.hilltopviewsonline.com/,St. Edward's University,TX
The Torch,https://www.torchonline.com,St. John's University,NY
The Hill News,https://thehillnews.org,St. Lawrence University,NY
The Point News,https://smcmpoint.news,St. Mary's College of Maryland,MD
The Rattler,https://www.stmurattlernews.com/home/,St. Mary's University,TX
St. Norbert Times,https://sntimes.wordpress.com,St. Norbert College,WI
The Olaf Messenger ,https://olafmessenger.com,St. Olaf College,MN
The Pine Log,https://www.thepinelog.com,Stephen F. Austin State University,TX
The Reporter,https://hatternetwork.com/category/reporter/,Stetson University,FL
The Stute,https://ducklink.stevens.edu/organization/the-stute,Stevens Institute of Technology,NJ
Stevenson Villager,https://stevensonvillager.com,Stevenson University,MD
The Advance,https://stillmannews.wordpress.com,Stillman College,AL
The Argo,https://stocktonargo.com/author/stocktonargo/,Stockton University,NJ
The Summit News,https://www.summitnews.org,Stonehill College,MA
The Statesman,https://www.sbstatesman.com/,Stony Brook University,NY
The Suffolk Journal,https://thesuffolkjournal.com,Suffolk University,MA
Albany Student Press,https://www.albanystudentpress.online/,SUNY at Albany,NY
Pipe Dream,https://www.bupipedream.com/  ,SUNY Binghamton University ,NY
The Stylus,https://thestylus.org,SUNY Brockport,NY
The Fulcrum,https://fulcrumnewspaper.wordpress.com,SUNY Broome,NY
The Record,https://buffstaterecord.com,SUNY Buffalo State University,NY
The Dale News,https://blogs.farmingdale.edu/sites/the-dale/ ,SUNY Farmingdale State College,NY
The Leader,https://fredonialeader.org,SUNY Fredonia,NY
The New Courier,https://gccnewcourier.com,SUNY Genesee Community College,NY
The Lamron,https://www.thelamron.com,SUNY Geneseo Community College,NY
The Oracle,https://oracle.newpaltz.edu,SUNY New Paltz,NY
The Catalyst,http://www.oldwestburycatalyst.org/,SUNY Old Westbury,NY
The State Times,https://thestatetimes.com,SUNY Oneonta,NY
The Oswegonian,https://www.oswegonian.com,SUNY Oswego,NY
Cardinal Points,https://cardinalpointsonline.com/,SUNY Plattsburgh,NY
The Purchase Phoenix,https://www.purchasenews.org,SUNY Purchase,NY
The Viking News,https://vikingnews.org,SUNY Westchester Community College,NY
The Phoenix,https://swarthmorephoenix.com,Swarthmore College,PA
The Talon,https://tcctalon.com,Tallahassee State College,FL
The Echo,https://www.theechonews.com,Taylor University,IN
Temple News,https://temple-news.com/,Temple University,PA
The Meter,https://www.tnstate.edu/campus_life/meter.aspx,Tennessee State University,TN
The Oracle,https://www.tntechoracle.com,Tennessee Tech University,TN
The Bridge News,https://www.thebridgestudentnews.com  ,Texas A&M International University,TX
The South Texan,https://thesouthtexan.com,Texas A&M University-Kingsville,TX
Mesquite News,https://mesquite-news.com,Texas A&M University-San Antonio,TX
TCU 360,https://tcu360.com  ,Texas Christian University,TX
The University Star,https://universitystar.com/,Texas State University,TX
The Daily Toreador,https://www.dailytoreador.com,Texas Tech University ,TX
The Rambler,https://therambler.org,Texas Wesleyan University,TX
The Lasso,https://www.twulasso.com,Texas Woman's University,TX
The Tower,https://cuatower.com,The Catholic University of America,D.C.
The Signal,https://www.tcnjsignalnews.com,The College of New Jersey,NJ
The Script,https://sites.google.com/css.edu/thescript,The College of St. Scholastica,MN
The Wooster Voice,https://thewoostervoice.spaces.wooster.edu,The College of Wooster,OH
The Cooper Point Journal,https://www.cooperpointjournal.com/category/news/,The Evergreen State College,WA
The GW Hatchet,https://gwhatchet.com,The George Washington University,D.C.
Empire State Tribune,https://www.empirestatetribune.com/estv,The King's College,NY
The TMU Mane,https://tmumane.com,The Master's University,CA
The New School Free Press,https://www.newschoolfreepress.com,The New School,NY
F Newsmagazine,https://fnewsmagazine.com/category/news/,The School of the Art Institute of Chicago,IL
The Buchtelite,https://buchtelite.com ,The University of Akron,OH
The Daily Wildcat,https://wildcat.arizona.edu ,The University of Arizona,AZ
The Pulse,https://pulse.findlay.edu,The University of Findlay,OH
The Echo,https://www.ocecho.com,The University of Olivet,MI
The Aquinas,https://aquinas.scranton.edu,The University of Scranton,PA
The Student Printz,https://sm2media.com,The University of Southern Mississippi,MS
The Retrograde,https://retrogradenews.com,The University of Texas at Dallas,TX
The Prospector,https://www.theprospectordaily.com,The University of Texas at El Paso,TX
The Paisano,https://paisano-online.com,The University of Texas at San Antonio,TX
The Patriot Talon,https://thepatriottalon.com,The University of Texas at Tyler,TX
The Thielensian,https://thethielensian.wordpress.com,Thiel College,PA
The Towerlight,https://thetowerlight.com,Towson University,MD
The Rambler,https://transyrambler.com,Transylvania University,KY
TrevEchoes,https://trevechoesonline.com,Trevecca Nazarene University,TN
Trinity Tripod,https://trinitytripod.com,Trinity College,CT
Trinitonian,https://trinitonian.com/,Trinity University,TX
5th Ave Journal,https://www.triton.edu/campus/5th-ave-journal/,Triton College,IL
The Tropolitan,https://www.tropnews.com,Troy University,AL
The Index,https://tmn.truman.edu,Truman State University,MO
The Tufts Daily,https://www.tuftsdaily.com,Tufts University,MA
The TCC Connection,https://tccconnection.com,Tulsa Community College,OK
The Campus Digest,https://tucampusdigest.com,Tuskegee University,AL
The Drum Beat,https://thedrumbeatcom.wpcomstaging.com,Tyler Junior College,TX
The Concordiensis,https://concordiensis.com,Union College,NY
Cardinal & Cream,https://www.cardinalandcream.info/,Union University,TN
Albany Student Press,https://www.albanystudentpress.online/,University at Albany,NY
The Spectrum,https://www.ubspectrum.com,University at Buffalo,NY
The Buchtelite,https://buchtelite.com/,University of Akron Main Campus,OH
The Kaleidoscope,https://uabblazermedia.com/kaleidoscope/,University of Alabama at Birmingham,AL
The Northern Light,https://www.thenorthernlight.org,University of Alaska Anchorage,AK
"
The Sun Star",https://www.uafsunstar.com/ ,University of Alaska Fairbanks,AK
Whalesong,https://uaswhalesong.com,University of Alaska Southeast,AK
The Arkansas Traveler,https://www.uatrav.com,University of Arkansas,AR
The Forum,https://ualr.edu/forum/,University of Arkansas at Little Rock,AR
The Aggie,https://theaggie.org,University of California-Davis,CA
New University,https://newuniversity.org,University of California-Irvine,CA
The Prodigy,https://blogs.ucmerced.edu/prodigy/,University of California-Merced,CA
The Highlander,https://www.highlandernews.org,University of California-Riverside,CA
The Guardian,https://ucsdguardian.org,University of California-San Diego,CA
"The Daily Nexus, The Bottom Line","https://dailynexus.com, https://thebottomline.as.ucsb.edu",University of California-Santa Barbara,CA
City on a Hill Press,https://cityonahillpress.com/,University of California-Santa Cruz,CA
The Echo,https://www.ucanews.live/news/,University of Central Arkansas,AR
Knight News,https://knightnews.com/category/news/,University of Central Florida,FL
Muleskinner,https://muleskinnernews.com,University of Central Missouri,MO
The Vista,https://issuu.com/thevista,University of Central Oklahoma,OK
Chicago Maroon,https://chicagomaroon.com/,University of Chicago,IL
The News Record,https://www.newsrecord.org,University of Cincinnati,OH
News Record,https://www.newsrecord.org/,University of Cincinnati-Main Campus,OH
CU Independent,https://cuindependent.org/,University of Colorado-Boulder,CO
The Scribe,https://scribe.uccs.edu,University of Colorado-Colorado Springs,CO
The Sentry,https://sentrynewspaper.com,University of Colorado-Denver,CO
The Daily Campus,https://dailycampus.com/daily-campus-news/,University of Connecticut,CT
Flyer News,https://flyernews.com,University of Dayton,OH
The Review,https://udreview.com,University of Delaware,DE
DU Clarion,https://duclarion.com ,University of Denver,CO
The Varsity News,https://www.thevarsitynews.net,University of Detroit Mercy,MI
The Informer,https://thehartfordinformer.com,University of Hartford,CT
Ka Leo,https://www.manoanow.org/kaleo/,University of Hawai'i at Manoa,HI
Kapi'o News,https://kapionews.comm,University of Hawai'i-Kapi'olani Community College,HI
The Hoot,https://issuu.com/uhwothehoot,University of Hawai'i-West O'ahu,HI
The Signal,https://thesignalnews.net,University of Houston-Clear Lake,TX
Dateline,https://www.uhd.edu/academics/humanities/about/departments/english/dateline/index.aspx,University of Houston-Downtown,TX
The Bonfire,https://bonfire.digital.uic.edu  ,University of Illinois-Chicago,IL
The Observer,https://uisobserver.com,University of Illinois-Springfield,IL
The Daily Illini,https://dailyillini.com/news-stories/,University of Illinois-Urbana-Champaign,IL
The Reflector,https://reflector.uindy.edu,University of Indianapolis,IN
The University Daily Kansan,https://www.kansan.com,University of Kansas,KS
Campus Times,https://lvcampustimes.org/home/,University of La Verne,CA
The Vermilion,https://thevermilion.net,University of Louisiana at Lafayette,LA
The Hawkeye,https://ulmhawkeyeonline.com,University of Louisiana at Monroe,LA
The Louisville Cardinal,https://www.louisvillecardinal.com,University of Louisville,KY
The Critograph,https://thecritograph.com,University of Lynchburg,VA
The Maine Campus,https://mainecampus.com,University of Maine,ME
The Bells,https://www.umhb.edu/thebells/more/p9  ,University of Mary-Hardin-Baylor,TX
The Weekly Ringer,https://theweeklyringer.com ,University of Mary-Washington,VA
"The Diamondback, Mitzpeh","https://dbknews.com, https://umdmitzpeh.com/category/news/",University of Maryland,MD
The Retriever,https://retriever.umbc.edu,"University of Maryland, Baltimore County",MD
Massachusetts Daily Collegian,https://dailycollegian.com/,University of Massachusetts Amherst,MA
The Mass Media,https://umassmedia.com,University of Massachusetts-Boston,MA
The Torch,https://umassdtorch.com/news/,University of Massachusetts-Dartmouth,MA
The Connector,https://umlconnector.com,University of Massachusetts-Lowell,MA
The Daily Helmsman,https://www.dailyhelmsman.com,University of Memphis,TN
The Michigan Journal,https://www.wolverinemedianetwork.com/michiganjournal,University of Michigan-Dearborn,MI
The Bark,https://www.thebarkumd.com/contact-us  ,University of Minnesota-Duluth,MN
The Maneater,https://themaneater.com,University of Missouri,MO
Roo News,https://kcroonews.com,University of Missouri-Kansas City,MO
The Current,https://thecurrent-online.net,University of Missouri-St. Louis,MO
The Alabamian,https://www.thealabamian.com,University of Montevallo,AL
Dynamo,https://www.raiderstudentmedia.com/dynamo/,University of Mount Union,OH
The Antelope,https://unkantelope.com,University of Nebraska-Kearney,NE
The Gateway,https://www.unothegateway.com/news/,University of Nebraska-Omaha,NE
The Scarlet & Gray,https://unlvscarletandgray.com,University of Nevada-Las Vegas,NV
The Nevada Sagebrush,https://nevadasagebrush.com,University of Nevada-Reno,NV
The Bolt,https://unethebolt.com  ,University of New England,ME
The New Hampshire,https://tnhdigital.com/,University of New Hampshire-Main Campus,NH
Daily Lobo,https://www.dailylobo.com,University of New Mexico,NM
The Flor-Ala,https://theflorala.com,University of North Alabama,AL
The Blue Banner,https://thebluebanner.net ,University of North Carolina Asheville,NC
Niner Times,https://www.ninertimes.com/,University of North Carolina at Charlotte,NC
The Carolinian,https://carolinianuncg.com,University of North Carolina at Greensboro,NC
The Pine Needle,https://pineneedle.news,University of North Carolina at Pembroke,NC
The Seahawk,https://theseahawk.org,University of North Carolina at Wilmington,NC
Dakota Student,https://dakotastudent.comm,University of North Dakota,ND
The Spinnaker,https://unfspinnaker.com,University of North Florida,FL
The Vanguard,https://ungvanguard.org,University of North Georgia,GA
The Northern Iowan,https://www.northerniowan.com,University of Northern Iowa,IA
The Observer,https://www.ndsmcobserver.com,University of Notre Dame,IN
OU Daily, http://www.ou.edu/tv/,University of Oklahoma,OK
Daily Emerald,https://dailyemerald.com,University of Oregon,OR
The Pitt News,https://pittnews.com,University of Pittsburgh,PA
The Insider,https://insiderupg.com,University of Pittsburgh at Greensburg,PA
The Beacon,https://www.upbeacon.com,University of Portland,OR
The Trail,https://trail.pugetsound.edu,University of Puget Sound,WA
The Redlands Bulldog,https://theredlandsbulldog.com,University of Redlands,CA
The Good 5 Cent Cigar,https://rhodycigar.com,University of Rhode Island,RI
The Collegian,https://www.thecollegianur.com,University of Richmond,VA
Campus Times, http://www.campustimes.org/,University of Rochester,NY
The USJ News Nest,https://usjnewsnest.com,University of Saint Joseph,CT
The USD Vista,https://uofsdmedia.wordpress.com,University of San Diego,CA
San Francisco Foghorn,https://sffoghorn.com,University of San Francisco,CA
The Vanguard,https://jagmedia.org/the-vanguard/,University of South Alabama,AL
The Pacer Times,https://www.mypacertimes.com,University of South Carolina Aiken,SC
The Volante,https://volanteonline.com,University of South Dakota,SD
The Oracle,https://www.usforacle.com,University of South Florida,FL
The Shield,https://usishield.com,University of Southern Indiana,IN
The Free Press,https://usmfreepress.org/,University of Southern Maine,ME
USF Encounter,https://www.usfencounter.stfrancis.edu,University of St. Francis,IL
TommieMedia,https://www.tommiemedia.com,University of St. Thomas,MN
The Minaret,https://theminaretonline.org,University of Tampa,FL
The University Echo,https://www.theutcecho.com,University of Tennessee-Chattanooga,TN
The Daily Beacon,https://www.utdailybeacon.com/  ,University of Tennessee-Knoxville,TN
The Pacer,https://www.thepacer.net,University of Tennessee-Martin,TN
The Rider,https://www.utrgvrider.com,University of Texas Rio Grande Valley,TX
The Patriot,https://ucpatriotnews.com,University of the Cumberlands,KY
The Pacifican,https://www.thepacifican.com,University of the Pacific,CA
The Collegian,https://tucollegian.org,University of Tulsa,OK
The Vermont Cynic,https://vtcynic.com,University of Vermont,VT
The Cavalier Daily,https://www.cavalierdaily.com,University of Virginia,VA
Daily UW,https://www.dailyuw.com ,University of Washington,WA
Husky Herald,https://thehuskyherald.com/january-february-25/ ,University of Washington Bothell,WA
The Ledger,https://thetacomaledger.com/category/news/,University of Washington Tacoma,WA
The Voyager,https://uwfvoyager.com,University of West Florida,FL
The West Georgian,https://thewestgeorgian.com,University of West Georgia,GA
The Spectator,https://www.spectatornews.com,University of Wisconsin-Eau Claire,WI
The Racquet Press,https://theracquet.org,University of Wisconsin-La Crosse,WI
The Badger Herald,https://badgerherald.com,University of Wisconsin-Madison,WI
UWM Post,https://uwmpost.com,University of Wisconsin-Milwaukee,WI
The Advance-Titan,https://advancetitan.com,University of Wisconsin-Oshkosh,WI
Exponent,https://uwpexponent.com,University of Wisconsin-Platteville,WI
The Student Voice,https://uwrfvoice.com,University of Wisconsin-River Falls,WI
The Pointer,https://thepointeruwsp.com,University of Wisconsin-Stevens Point,WI
Stoutonia,https://stoutonia.com,University of Wisconsin-Stout,WI
The Promethean ,https://uws-promethean.com,University of Wisconsin-Superior,WI
The Royal Purple,https://royalpurplenews.com,University of Wisconsin-Whitewater,WI
Branding Iron,http://www.uwbrandingiron.com,University of Wyoming,WY
The Collegian,https://theuiucollegian.tumblr.com,Upper Iowa University,IA
The Grizzly,https://ursinusgrizzly.com,Ursinus College,PA
Sun News Daily,https://sunnewsdaily.com/,Utah Tech University,UT
The UVU Review,https://www.uvureview.com,Utah Valley University,UT
Tangerine,https://uticatangerine.com ,Utica College,NY
The Spectator,https://vsuspectator.com,Valdosta State University,GA
The Valencia Voice,https://valenciavoice.com,Valencia College,FL
The Torch,https://www.valpotorch.com,Valparaiso University,IN
The Vanderbilt Hustler,https://vanderbilthustler.com,Vanderbilt University,TN
The Vanguard Voice,https://vanguarduniversityvoice.com,Vanguard University,CA
The Miscellany News,https://miscellanynews.org,Vassar College,NY
The Villanovan,https://villanovan.com,Villanova University,PA
The Trailblazer,https://vutrailblazernews.com,Vincennes University,IN
Collegiate Times,https://www.collegiatetimes.com/,Virginia Polytechnic Institute,VA
The Virgina Statesman,https://thevirginiastatesman.com,Virginia State University,VA
The Marlin Chronicle,https://marlinchronicle.vwu.edu,Virginia Wesleyan University,VA
Lumen,https://lumen.viterbo.edu/,Viterbo University,WI
The Settler,http://thesettler.online,Volunteer State Community College,TN
The Bachelor,https://bachelor.wabash.edu,Wabash College,IN
Old Gold & Black,https://wfuogb.com,Wake Forest University,NC
The Echo Newspaper,https://wwcecho.news,Warren Wilson College,NC
The Trumpet,https://knight-wire.com/category/the-trumpet-newspaper/,Wartburg College,IA
Washburn Review,https://washburnreview.org,Washburn University,KS
The Ring-tum Phi,https://ringtumphi.net,Washington and Lee University,VA
The Elm,https://blog.washcoll.edu/wordpress/theelm/,Washington College,MD
Student Life,https://www.studlife.com,Washington University in St. Louis,MO
The Washtenaw Voice,https://www.washtenawvoice.com,Washtenaw Community College,MI
The Wayne Stater,https://thewaynestater.com,Wayne State College,NE
The South End,https://www.thesouthend.wayne.edu,Wayne State University,MI
The Signpost,https://thesignpostwsu.com,Weber State University,UT
The Journal,https://websterjournal.com,Webster University,MO
The Wellesly News,https://thewellesleynews.com,Wellesley College,MA
The Whetstone,https://whetstone.victorgreto.art,Wesley College,DE
The Wesleyan Argus,https://wesleyanargus.com,Wesleyan University,CT
The Quad,https://wcuquad.com,West Chester University of Pennsylvania,PA
The Trumpet,https://thetrumpetwlu.org,West Liberty University,WV
The Prairie News,https://theprairienews.com,West Texas A&M University,TX
Western Carolinian,https://www.westerncarolinian.com,Western Carolina University,NC
Top o' The World,https://topotheworld.org,Western Colorado University,CO
The Echo of WestConn,https://wcsuecho.org,Western Connecticut State University,CT
Western Courier,https://theproxyreport.com/western-courier/,Western Illinois University,IL
Western Herald,https://www.westernherald.com,Western Michigan University,MI
The Westerner,https://thewesternerwne.com,Western New England University,MA
The Western Howl,https://wou.edu/westernhowl/,Western Oregon University,OR
The Front,https://www.thefrontonline.com,Western Washington University,WA
The Westfield Voice,https://wsuvoice.com,Westfield State University,MA
The Columns,https://westminstercolumns.wordpress.com,Westminster College,MO
The Forum,https://www.wuforummedia.com/l,Westminster College,PA
The Horizon,https://horizon.westmont.edu,Westmont College,CA
Horizon,https://www.whatcomhorizon.com/,Whatcom Community College,WA
The Wheaton Record,https://thewheatonrecord.com,Wheaton College,IL
Whitman Wire,https://whitmanwire.com,Whitman College,WA
The Quaker Campus,"https://medium.com/the-quaker-campus/latest, https://thequakercampus.org",Whittier College,CA
The Whitworthian,https://thewhitworthian.news,Whitworth University,WA
The Beacon,https://www.thewilkesbeacon.com,Wilkes University,PA
The Collegian,https://www.willamettecollegian.com,Willamette University,OR
Flat Hat News,https://flathatnews.com,William & Mary,VA
The Hilltop Monitor,https://hilltopmonitor.jewell.edu,William Jewell College,MO
The Beacon,https://wpubeacon.com ,William Paterson University,NJ
The Peace Times,https://peacetimesmedia.com,William Peace University,NC
The Statesmen Status,https://statesmenstatus.wordpress.com,William Penn University,IA
The Williams Record,https://williamsrecord.com,Williams College,MA
The Witness,https://www.wcwitness.com,Wilmington College,OH
The Billboard,https://thewilsonbillboard.com  ,Wilson College,PA
The Winonan,https://winonan.org,Winona State University,MN
The Johnsonian,https://mytjnow.com,Winthrop University,SC
The Wittenberg Torch,https://www.wittenbergtorch.com,Wittenberg University,OH
The Old Gold & Black,https://woffordogb.com,Wofford College,SC
Tech News,https://wpitechnews.com  ,Worcester Polytechnic Institute,MA
The Wright State Guardian,https://www.wsuguardian.com,Wright State University,OH
The Xavier Herald,https://xavierherald.com,Xavier University of Louisiana,LA
The Jambar,https://thejambar.com,Youngstown State University,OH
