domain,institution,lat,lon,note
thenewshouse.com,Syracuse University,,,Newhouse School student newsroom
amplifyutah.org,Salt Lake Community College,,,SLCC / Amplify Utah partnership
milwaukeenns.org,Marquette University,,,Diederich College partnership
dailycardinal.com,University of Wisconsin-Madison,,,independent student paper
arizonasonorannews.com,University of Arizona,,,School of Journalism news service
reportformn.umn.edu,University of Minnesota,,,Hubbard School legislative reporting
blotmagazine.com,Ohio University,,,Scripps student magazine
cedarfallsnewshub.com,University of Northern Iowa,,,student-run community news hub
wuft.org,University of Florida,,,WUFT / College of Journalism
ipmnewsroom.org,University of Illinois Urbana-Champaign,,,Illinois Public Media
thewesterncarolinajournalist.com,Western Carolina University,,,student news service
thereportingproject.org,Denison University,,,Denison journalism program
deltanewsservice.com,Arkansas State University,,,Delta Digital News Service
cu-citizenaccess.org,University of Illinois Urbana-Champaign,,,investigative reporting project
thebronxjournal.com,CUNY Lehman College,,,Lehman student journal
reportingtexas.com,University of Texas at Austin,,,Moody College news service
bunewsservice.com,Boston University,,,BU News Service
templelogancenter.org,Temple University,,,Logan Center for Urban Investigative Reporting
philadelphianeighborhoods.com,Temple University,,,Klein College neighborhood reporting
lakevoicenews.org,University of Minnesota-Duluth,,,LakeVoice community news
stmurattlernew.com,St. Mary's University,,,The Rattler
annenberg.usc.edu,University of Southern California,,,Annenberg Media
kentstatenewslab.org,Kent State University,,,Kent State News Lab
statementmga.wpcomstaging.com,Middle Georgia State University,,,The Statement
ecthehub.org,Emmanuel College,,,The Hub
pleasantvillepress.com,Pace University Pleasantville,,,Pleasantville Press
orangemedianetwork.com,Oregon State University,,,Orange Media Network
chicagotalks.colum.edu,Columbia College Chicago,,,ChicagoTalks
bowiesun.com,Bowie State University,,,Bowie Sun / Patch Labs
msufoodfix.wordpress.com,Michigan State University,,,The Food Fix
flourishingfresno.com,California State University-Fresno,,,Flourishing Fresno
cairn.edu,Cairn University,,,student media
75.2.70.176,Chadron State College,,,Chadron State College News (bare-IP host)
oudaily.com,University of Oklahoma,,,The Oklahoma Daily
capitolnewsillinois.com,,39.7817,-89.6501,"statewide nonprofit newsroom, Springfield IL - not campus-based"
dailygazette.com,,42.8142,-73.9396,"commercial daily, Schenectady NY - not campus-based"
dominionpost.com,,39.6295,-79.9559,"commercial daily, Morgantown WV - not campus-based"
ndsmcobserver.com,Saint Mary's College,,,"corrects source row 'Holy Cross College IN' carrying Worcester MA coordinates"
thedailytexan.com,University of Texas at Austin,,,"corrects source row 'University of Texas' carrying Salt Lake City coordinates"
suunews.net,,37.6775,-113.0619,"Southern Utah University, Cedar City UT - source had SLC coordinates"
gcsummit.com,,32.8155,-116.9560,"Grossmont College, El Cajon CA - source had Colorado centroid"
sanjactimes.com,,29.6883,-95.1494,"San Jacinto College Central, Pasadena TX - source had Colorado centroid"
hccegalitarian.com,,29.7443,-95.3841,"Houston Community College, Houston TX - source had Colorado centroid"
behrendbeacon.com,,42.1170,-79.9880,"Penn State Behrend, Erie PA - source had Colorado centroid"
thebuclarion.com,Bethel University,,,"Bethel University MN - title 'The Clarion' is reused, so name matching is unsafe"
snuecho.org,Southern Nazarene University,,,"Southern Nazarene University OK - title 'The Echo' is reused"
westminstercolumns.wordpress.com,,38.8506,-91.9563,"Westminster College, Fulton MO - source row carried the PA campus coordinates"
