College/University,State,Name of Outlet,URL of Outlet,Status,Feed URLs,Reason,Revisit,Revisit notes
Millikin,,,,skipped_no_url,,No outlet URL in the SPLC list,yes,"Find the outlet website by hand, then rerun discovery"
Notre Dame,,,,skipped_no_url,,No outlet URL in the SPLC list,yes,"Find the outlet website by hand, then rerun discovery"
University of Alaska Anchorage,AK,The Northern Light,https://www.thenorthernlight.org,no_feed_found,,"No RSS/Atom feed at the URL, in its page head, or at common feed paths",yes,"Look for a nonstandard feed path, or confirm the outlet is still publishing"
University of Alaska Fairbanks,AK,"
The Sun Star",https://www.uafsunstar.com/ ,no_feed_found,,"No RSS/Atom feed at the URL, in its page head, or at common feed paths",yes,"Look for a nonstandard feed path, or confirm the outlet is still publishing"
Auburn University,AL,The Auburn Plainsman,https://www.theplainsman.com ,no_feed_found,,Site blocked the probe (HTTP 403),yes,Try fetch_hard_outlets.py or a browser-like fetch; may have an RSS feed we could not reach
Gadsden State Community College,AL,Cardinal Arts Journal,https://cardinalartsjournal.org,no_feed_found,,"No RSS/Atom feed at the URL, in its page head, or at common feed paths",yes,"Look for a nonstandard feed path, or confirm the outlet is still publishing"
Jacksonville State University,AL,The Chanticleer, https://jsuchanticleer.com/,no_feed_found,,"No RSS/Atom feed at the URL, in its page head, or at common feed paths",yes,"Look for a nonstandard feed path, or confirm the outlet is still publishing"
Jefferson State Community College,AL,The Pioneer,https://library.jeffersonstate.edu/Vol35-Iss2,no_feed_found,,"URL is a university page, not a standalone publication site; no feed found",yes,Look for a dedicated outlet website
Northeast Alabama Community College,AL,Aurora,https://www.nacc.edu/programs-of-study/english-and-fine-arts-division/english-department/aurora,no_feed_found,,"URL is a university page, not a standalone publication site; no feed found",yes,Look for a dedicated outlet website
University of Montevallo,AL,The Alabamian,https://www.thealabamian.com,no_feed_found,,"No RSS/Atom feed at the URL, in its page head, or at common feed paths",yes,"Look for a nonstandard feed path, or confirm the outlet is still publishing"
Arkansas Tech University,AR,The Arka Tech,http://www.arkatechnews.com/,feed_found,https://www.arkatechnews.com/feed/,Feed added to feeds_splc_discovered.txt,no,
Lyon College,AR,The Highlander,https://www.lyonhighlander.com,skipped_already_tracked,,"Domain already in our feed lists, but this college was not matched to a publication in our database",yes,"Check the college label for this outlet (publication_locations.csv / overrides) -- likely a naming mismatch, not a missing feed"
University of Arkansas at Little Rock,AR,The Forum,https://ualr.edu/forum/,skipped_already_tracked,,"Domain already in our feed lists, but this college was not matched to a publication in our database",yes,"Check the college label for this outlet (publication_locations.csv / overrides) -- likely a naming mismatch, not a missing feed"
Mesa Community College,AZ,Mesa CC Legend,https://mesalegend.comm,no_feed_found,,"No RSS/Atom feed at the URL, in its page head, or at common feed paths",yes,"Look for a nonstandard feed path, or confirm the outlet is still publishing"
Brandman University,CA,The Panther,https://www.thepanthernewspaper.org/,no_feed_found,,"No RSS/Atom feed at the URL, in its page head, or at common feed paths",yes,"Look for a nonstandard feed path, or confirm the outlet is still publishing"
California Lutheran University,CA,The Echo,https://cluecho.com,skipped_already_tracked,,"Domain already in our feed lists, but this college was not matched to a publication in our database",yes,"Check the college label for this outlet (publication_locations.csv / overrides) -- likely a naming mismatch, not a missing feed"
California State University-Dominguez Hills,CA,The Bulletin,https://www.csudhbulletin.com ,skipped_already_tracked,,"Domain already in our feed lists, but this college was not matched to a publication in our database",yes,"Check the college label for this outlet (publication_locations.csv / overrides) -- likely a naming mismatch, not a missing feed"
Chaffey College,CA,The Breeze,https://www.thebreezepaper.com,feed_found,https://thebreezepaper.com/feed/,Feed added to feeds_splc_discovered.txt,no,
College of the Sequoias,CA,The Campus Journal,https://thecampusjournal.com,skipped_already_tracked,,"Domain already in our feed lists, but this college was not matched to a publication in our database",yes,"Check the college label for this outlet (publication_locations.csv / overrides) -- likely a naming mismatch, not a missing feed"
Concordia University-Irvine,CA,The Concordia Courier,https://concordiacourier.com,no_feed_found,,"No RSS/Atom feed at the URL, in its page head, or at common feed paths",yes,"Look for a nonstandard feed path, or confirm the outlet is still publishing"
Contra Costa College,CA,The Advocate,cccadvocate.com ,skipped_no_url,,No outlet URL in the SPLC list,yes,"Find the outlet website by hand, then rerun discovery"
East Los Angeles College ,CA,Campus News,Elaccampusnews.com,skipped_no_url,,No outlet URL in the SPLC list,yes,"Find the outlet website by hand, then rerun discovery"
Fresno City College,CA,The Rampage,therampageonline.com,skipped_no_url,,No outlet URL in the SPLC list,yes,"Find the outlet website by hand, then rerun discovery"
Grossmont Community College Student newspaper,CA,The Summit,https://gcsummit.com/,skipped_already_tracked,,"Domain already in our feed lists, but this college was not matched to a publication in our database",yes,"Check the college label for this outlet (publication_locations.csv / overrides) -- likely a naming mismatch, not a missing feed"
Laney College,CA,The Citizen,Www.peraltacitizen.com,skipped_no_url,,No outlet URL in the SPLC list,yes,"Find the outlet website by hand, then rerun discovery"
Pierce College,CA,Pierce College Roundup,https://theroundupnews.com,feed_found,http://www.piercemediaarts.com/search/?f=rss&t=article&c=the_roundup&l=50&s=start_time&sd=desc,Feed added to feeds_splc_discovered.txt,no,
Point Loma Nazarene University,CA,The Point,https://lomabeat.com,skipped_already_tracked,,"Domain already in our feed lists, but this college was not matched to a publication in our database",yes,"Check the college label for this outlet (publication_locations.csv / overrides) -- likely a naming mismatch, not a missing feed"
San Joaquin Delta College,CA,The Collegian ,https://deltacollegian.net,skipped_already_tracked,,"Domain already in our feed lists, but this college was not matched to a publication in our database",yes,"Check the college label for this outlet (publication_locations.csv / overrides) -- likely a naming mismatch, not a missing feed"
San Jose State University,CA,Spartan Daily,https://sjsunews.com/publication/spartan-daily,no_feed_found,,"No RSS/Atom feed at the URL, in its page head, or at common feed paths",yes,"Look for a nonstandard feed path, or confirm the outlet is still publishing"
Santa Clara University,CA,The Santa Clara,https://www.thesantaclara.org,feed_found,https://thesantaclara.org/feed/,Feed added to feeds_splc_discovered.txt,no,
Santa Monica College,CA,The Corsair,https://www.thecorsaironline.com,no_feed_found,,"No RSS/Atom feed at the URL, in its page head, or at common feed paths",yes,"Look for a nonstandard feed path, or confirm the outlet is still publishing"
The Master's University,CA,The TMU Mane,https://tmumane.com,no_feed_found,,Page not found (HTTP 404) -- URL may be stale,yes,Find the current outlet URL
University of California-Davis,CA,The Aggie,https://theaggie.org,no_feed_found,,"No RSS/Atom feed at the URL, in its page head, or at common feed paths",yes,"Look for a nonstandard feed path, or confirm the outlet is still publishing"
University of California-Los Angeles,CA,Daily Bruin,https://dailybruin.com,no_feed_found,,"No RSS/Atom feed at the URL, in its page head, or at common feed paths",yes,"Look for a nonstandard feed path, or confirm the outlet is still publishing"
University of California-Santa Barbara,CA,"The Daily Nexus, The Bottom Line","https://dailynexus.com, https://thebottomline.as.ucsb.edu",no_feed_found,,"No RSS/Atom feed at the URL, in its page head, or at common feed paths",yes,"Look for a nonstandard feed path, or confirm the outlet is still publishing"
University of the Pacific,CA,The Pacifican,https://www.thepacifican.com,no_feed_found,,"No RSS/Atom feed at the URL, in its page head, or at common feed paths",yes,"Look for a nonstandard feed path, or confirm the outlet is still publishing"
Fort Lewis College,CO,The Independent,https://www.theindyonline.com,no_feed_found,,"No RSS/Atom feed at the URL, in its page head, or at common feed paths",yes,"Look for a nonstandard feed path, or confirm the outlet is still publishing"
Metropolitan State University - Denver,CO,The Metropolitan,https://www.mymetmedia.com/entity/metropolitan/,no_feed_found,,"No RSS/Atom feed at the URL, in its page head, or at common feed paths",yes,"Look for a nonstandard feed path, or confirm the outlet is still publishing"
Pikes Peak State College,CO,The Pikes Peak Echo,https://pikespeakpaper.org,skipped_already_tracked,,"Domain already in our feed lists, but this college was not matched to a publication in our database",yes,"Check the college label for this outlet (publication_locations.csv / overrides) -- likely a naming mismatch, not a missing feed"
University of Northern Colorado,CO,The Mirror,https://www.uncmirror.com/,no_feed_found,,"No RSS/Atom feed at the URL, in its page head, or at common feed paths",yes,"Look for a nonstandard feed path, or confirm the outlet is still publishing"
Norwalk Community College,CT,The Voice,https://nccvoice.wixsite.com/mysite/news,no_feed_found,,"No RSS/Atom feed at the URL, in its page head, or at common feed paths",yes,"Look for a nonstandard feed path, or confirm the outlet is still publishing"
Tunxis Community College,CT,The Tunxis Sun,,skipped_no_url,,No outlet URL in the SPLC list,yes,"Find the outlet website by hand, then rerun discovery"
Yale University,CT,Yale Daily News,https://yaledailynews.com/,no_feed_found,,Site blocked the probe (HTTP 429),yes,Try fetch_hard_outlets.py or a browser-like fetch; may have an RSS feed we could not reach
American University,D.C.,The Eagle,https://www.theeagleonline.com,no_feed_found,,"No RSS/Atom feed at the URL, in its page head, or at common feed paths",yes,"Look for a nonstandard feed path, or confirm the outlet is still publishing"
Bethune-Cookman University,FL,Voice of the Wildcats,https://issuu.com/voiceofthewildcats,no_feed_found,,"No RSS/Atom feed at the URL, in its page head, or at common feed paths",yes,"Look for a nonstandard feed path, or confirm the outlet is still publishing"
Eckerd College,FL,The Current,https://www.theonlinecurrent.com,no_feed_found,,"No RSS/Atom feed at the URL, in its page head, or at common feed paths",yes,"Look for a nonstandard feed path, or confirm the outlet is still publishing"
Embry-Riddle Aeronautical University,FL,Horizons Newspaper,https://eaglelife.erau.edu/HORIZONS/blog/issue-12-vol-41/25157/,no_feed_found,,"URL is a university page, not a standalone publication site; no feed found",yes,Look for a dedicated outlet website
Florida Institute of Technology,FL,The Crimson,https://www.crimson.fit.edu,feed_found,https://www.crimson.fit.edu/search/?f=rss,Feed added to feeds_splc_discovered.txt,no,
Florida State University,FL,FSView & Florida Flambeau,https://www.fsunews.com/,no_feed_found,,"No RSS/Atom feed at the URL, in its page head, or at common feed paths",yes,"Look for a nonstandard feed path, or confirm the outlet is still publishing"
Hillsborough Community College,FL,The Hawkeye,https://www.hawkeyenews.net,skipped_already_tracked,,"Domain already in our feed lists, but this college was not matched to a publication in our database",yes,"Check the college label for this outlet (publication_locations.csv / overrides) -- likely a naming mismatch, not a missing feed"
Jacksonville University,FL,The Navigator,,skipped_no_url,,No outlet URL in the SPLC list,yes,"Find the outlet website by hand, then rerun discovery"
New College of Florida,FL,Catalyst,https://ncfcatalyst.com/,skipped_already_tracked,,"Domain already in our feed lists, but this college was not matched to a publication in our database",yes,"Check the college label for this outlet (publication_locations.csv / overrides) -- likely a naming mismatch, not a missing feed"
Palm Beach State College,FL,Beachcomber,https://www.facebook.com/PBSCBeachcomber/,skipped_unsuitable,,Only a social media page listed,yes,Find the outlet website; social pages have no RSS
Seminole State College,FL,The Seminole Scribe,,skipped_no_url,,No outlet URL in the SPLC list,yes,"Find the outlet website by hand, then rerun discovery"
Stetson University,FL,The Reporter,https://hatternetwork.com/category/reporter/,no_feed_found,,Page not found (HTTP 404) -- URL may be stale,yes,Find the current outlet URL
Tallahassee State College,FL,The Talon,https://tcctalon.com,no_feed_found,,"No RSS/Atom feed at the URL, in its page head, or at common feed paths",yes,"Look for a nonstandard feed path, or confirm the outlet is still publishing"
Agnes Scott College,GA,The Profile,https://ascprofile.com,feed_found,https://ascprofile.com/feed/,Feed added to feeds_splc_discovered.txt,no,
East Georgia State College,GA,The Hoopee Bird,https://www.ega.edu/current-students/campus-life/student-publications/hoopee-bird.html,no_feed_found,,Page not found (HTTP 404) -- URL may be stale,yes,Find the current outlet URL
Emory University,GA,The Emory Wheel,https://www.emorywheel.com,no_feed_found,,Site blocked the probe (HTTP 403),yes,Try fetch_hard_outlets.py or a browser-like fetch; may have an RSS feed we could not reach
Georgia Institute of Technology,GA,Technique,https://nique.net,no_feed_found,,"No RSS/Atom feed at the URL, in its page head, or at common feed paths",yes,"Look for a nonstandard feed path, or confirm the outlet is still publishing"
Georgia Southwestern State University,GA,Sou'Wester ,https://www.gsw.edu/student-life/clubs-orgs/souwester/,no_feed_found,,"URL is a university page, not a standalone publication site; no feed found",yes,Look for a dedicated outlet website
Georgia State University,GA,The Signal,https://georgiastatesignal.com,no_feed_found,,"No RSS/Atom feed at the URL, in its page head, or at common feed paths",yes,"Look for a nonstandard feed path, or confirm the outlet is still publishing"
LaGrange College,GA,The Hilltop News,https://lchilltopnews.org,no_feed_found,,"No RSS/Atom feed at the URL, in its page head, or at common feed paths",yes,"Look for a nonstandard feed path, or confirm the outlet is still publishing"
Reinhardt University,GA,The Eagle Eye,,skipped_no_url,,No outlet URL in the SPLC list,yes,"Find the outlet website by hand, then rerun discovery"
Savannah College of Art and Design-Atlanta,GA,The Connector,https://scadconnector.com,skipped_already_tracked,,"Domain already in our feed lists, but this college was not matched to a publication in our database",yes,"Check the college label for this outlet (publication_locations.csv / overrides) -- likely a naming mismatch, not a missing feed"
Spelman College ,GA,The Blueprint ,https://thespelmanblueprint.framer.website/,no_feed_found,,"No RSS/Atom feed at the URL, in its page head, or at common feed paths",yes,"Look for a nonstandard feed path, or confirm the outlet is still publishing"
Valdosta State University,GA,The Spectator,https://vsuspectator.com,feed_found,https://vsuspectator.com/feed/,Feed added to feeds_splc_discovered.txt,no,
Brigham Young University-Hawaii,HI,Ke Alaka'i,https://kealakai.byuh.edu,no_feed_found,,"No RSS/Atom feed at the URL, in its page head, or at common feed paths",yes,"Look for a nonstandard feed path, or confirm the outlet is still publishing"
University of Hawai'i at Manoa,HI,Ka Leo,https://www.manoanow.org/kaleo/,no_feed_found,,Site blocked the probe (HTTP 429),yes,Try fetch_hard_outlets.py or a browser-like fetch; may have an RSS feed we could not reach
University of Hawai'i-Kapi'olani Community College,HI,Kapi'o News,https://kapionews.comm,no_feed_found,,"No RSS/Atom feed at the URL, in its page head, or at common feed paths",yes,"Look for a nonstandard feed path, or confirm the outlet is still publishing"
University of Hawai'i-West O'ahu,HI,The Hoot,https://issuu.com/uhwothehoot,no_feed_found,,"No RSS/Atom feed at the URL, in its page head, or at common feed paths",yes,"Look for a nonstandard feed path, or confirm the outlet is still publishing"
Coe College,IA,The Cosmos,https://www.coe.edu/academics/stewart-memorial-library/research-tools-collections/coe-publications/coe-college-cosmos,skipped_unsuitable,,"URL is a university department/library page, not a publication site",yes,Find the outlet website
Iowa Central Community College,IA,The Collegian,http://www.iowacentralcollegian.com,no_feed_found,,Page not found (HTTP 404) -- URL may be stale,yes,Find the current outlet URL
Loras College,IA,The Lorian,,skipped_no_url,,No outlet URL in the SPLC list,yes,"Find the outlet website by hand, then rerun discovery"
St. Ambrose University,IA,The Buzz,https://sauthebuzz.com ,already_has_feed,,Feed already in a feed list,no,
Wartburg College,IA,The Trumpet,https://knight-wire.com/category/the-trumpet-newspaper/,no_feed_found,,Page not found (HTTP 404) -- URL may be stale,yes,Find the current outlet URL
Lewis-Clark State College,ID,The Pathfinder,https://www.lcsc.edu/student-involvement/student-media/student-newspaper-pathfinder,no_feed_found,,"URL is a university page, not a standalone publication site; no feed found",yes,Look for a dedicated outlet website
North Idaho College,ID,The Sentinel,https://nicsentinel.com,skipped_already_tracked,,"Domain already in our feed lists, but this college was not matched to a publication in our database",yes,"Check the college label for this outlet (publication_locations.csv / overrides) -- likely a naming mismatch, not a missing feed"
Concordia University Chicago,IL,The Spectator,https://spectator.cuchicago.edu,skipped_already_tracked,,"Domain already in our feed lists, but this college was not matched to a publication in our database",yes,"Check the college label for this outlet (publication_locations.csv / overrides) -- likely a naming mismatch, not a missing feed"
Dominican University,IL,Dominican Star,https://dominicanstar.comm,no_feed_found,,"No RSS/Atom feed at the URL, in its page head, or at common feed paths",yes,"Look for a nonstandard feed path, or confirm the outlet is still publishing"
Kishwaukee College,IL,The Kaleidoscope,,skipped_no_url,,No outlet URL in the SPLC list,yes,"Find the outlet website by hand, then rerun discovery"
Lewis University,IL,The Flyer,https://thelewisflyer.com,skipped_already_tracked,,"Domain already in our feed lists, but this college was not matched to a publication in our database",yes,"Check the college label for this outlet (publication_locations.csv / overrides) -- likely a naming mismatch, not a missing feed"
Loyola University Chicago,IL,Loyola Phoenix,https://loyolaphoenix.com/section/news/,feed_found,https://loyolaphoenix.com/feed/ | https://loyolaphoenix.com/section/news/feed/,Feed added to feeds_splc_discovered.txt,no,
Prairie State College,IL,The Pioneer,https://pscpioneer.com,skipped_already_tracked,,"Domain already in our feed lists, but this college was not matched to a publication in our database",yes,"Check the college label for this outlet (publication_locations.csv / overrides) -- likely a naming mismatch, not a missing feed"
Roosevelt University,IL,The Torch,https://rutorch.wordpress.com,skipped_already_tracked,,"Domain already in our feed lists, but this college was not matched to a publication in our database",yes,"Check the college label for this outlet (publication_locations.csv / overrides) -- likely a naming mismatch, not a missing feed"
Sauk Valley Community College,IL,The Skyhawk View,,skipped_no_url,,No outlet URL in the SPLC list,yes,"Find the outlet website by hand, then rerun discovery"
Southern Illinois University-Edwardsville,IL,The Alestle,http://www.alestlelive.com/,no_feed_found,,Site blocked the probe (HTTP 429),yes,Try fetch_hard_outlets.py or a browser-like fetch; may have an RSS feed we could not reach
Triton College,IL,5th Ave Journal,https://www.triton.edu/campus/5th-ave-journal/,no_feed_found,,Page not found (HTTP 404) -- URL may be stale,yes,Find the current outlet URL
University of Illinois-Springfield,IL,The Observer,https://uisobserver.com,skipped_already_tracked,,"Domain already in our feed lists, but this college was not matched to a publication in our database",yes,"Check the college label for this outlet (publication_locations.csv / overrides) -- likely a naming mismatch, not a missing feed"
Western Illinois University,IL,Western Courier,https://theproxyreport.com/western-courier/,no_feed_found,,"No RSS/Atom feed at the URL, in its page head, or at common feed paths",yes,"Look for a nonstandard feed path, or confirm the outlet is still publishing"
Ball State University,IN,Ball State Daily News,https://www.ballstatedaily.com,no_feed_found,,Site blocked the probe (HTTP 403),yes,Try fetch_hard_outlets.py or a browser-like fetch; may have an RSS feed we could not reach
Goshen College,IN,The Record,https://record.goshen.edu,skipped_already_tracked,,"Domain already in our feed lists, but this college was not matched to a publication in our database",yes,"Check the college label for this outlet (publication_locations.csv / overrides) -- likely a naming mismatch, not a missing feed"
Hanover College,IN,The Triangle,https://hctriangle.com,no_feed_found,,"No RSS/Atom feed at the URL, in its page head, or at common feed paths",yes,"Look for a nonstandard feed path, or confirm the outlet is still publishing"
Holy Cross College,IN,The Observer,https://www.ndsmcobserver.com/section/news,skipped_already_tracked,,"Domain already in our feed lists, but this college was not matched to a publication in our database",yes,"Check the college label for this outlet (publication_locations.csv / overrides) -- likely a naming mismatch, not a missing feed"
Indiana University Indianapolis ,IN,The Campus Citizen,https://www.thecampuscitizen.com/,no_feed_found,,Site blocked the probe (HTTP 403),yes,Try fetch_hard_outlets.py or a browser-like fetch; may have an RSS feed we could not reach
Indiana University South Bend,IN,The Preface,https://iusbpreface.net,no_feed_found,,"No RSS/Atom feed at the URL, in its page head, or at common feed paths",yes,"Look for a nonstandard feed path, or confirm the outlet is still publishing"
Indiana University Southeast,IN,The Horizon,https://iushorizon.com,skipped_already_tracked,,"Domain already in our feed lists, but this college was not matched to a publication in our database",yes,"Check the college label for this outlet (publication_locations.csv / overrides) -- likely a naming mismatch, not a missing feed"
Marian University Indianapolis,IN,MU Knightwatch,https://themarianphoenix.com,feed_found,https://themarianphoenix.com/feed/,Feed added to feeds_splc_discovered.txt,no,
Saint Mary's College,IN,The Observer,https://www.ndsmcobserver.com,skipped_already_tracked,,"Domain already in our feed lists, but this college was not matched to a publication in our database",yes,"Check the college label for this outlet (publication_locations.csv / overrides) -- likely a naming mismatch, not a missing feed"
University of Indianapolis,IN,The Reflector,https://reflector.uindy.edu,skipped_already_tracked,,"Domain already in our feed lists, but this college was not matched to a publication in our database",yes,"Check the college label for this outlet (publication_locations.csv / overrides) -- likely a naming mismatch, not a missing feed"
University of Notre Dame,IN,The Observer,https://www.ndsmcobserver.com,skipped_already_tracked,,"Domain already in our feed lists, but this college was not matched to a publication in our database",yes,"Check the college label for this outlet (publication_locations.csv / overrides) -- likely a naming mismatch, not a missing feed"
McPherson College,KS,The Spectator,https://spectator.mcpherson.edu,skipped_already_tracked,,"Domain already in our feed lists, but this college was not matched to a publication in our database",yes,"Check the college label for this outlet (publication_locations.csv / overrides) -- likely a naming mismatch, not a missing feed"
Tabor College,KS,The View,,skipped_no_url,,No outlet URL in the SPLC list,yes,"Find the outlet website by hand, then rerun discovery"
Asbury University,KY,The Asbury Collegian,https://www.theasburycollegian.com/category/news/,feed_found,https://www.theasburycollegian.com/feed/ | https://www.theasburycollegian.com/category/news/feed/,Feed added to feeds_splc_discovered.txt,no,
Morehead State University,KY,The Trail Blazer,https://www.thetrailblazeronline.net,feed_found,https://www.thetrailblazeronline.net/search/?f=rss,Feed added to feeds_splc_discovered.txt,no,
Transylvania University,KY,The Rambler,https://transyrambler.com,skipped_already_tracked,,"Domain already in our feed lists, but this college was not matched to a publication in our database",yes,"Check the college label for this outlet (publication_locations.csv / overrides) -- likely a naming mismatch, not a missing feed"
University of the Cumberlands,KY,The Patriot,https://ucpatriotnews.com,skipped_already_tracked,,"Domain already in our feed lists, but this college was not matched to a publication in our database",yes,"Check the college label for this outlet (publication_locations.csv / overrides) -- likely a naming mismatch, not a missing feed"
Centenary College of Louisiana,LA,The Conglomerate,https://www.centenarycongo.com,no_feed_found,,"No RSS/Atom feed at the URL, in its page head, or at common feed paths",yes,"Look for a nonstandard feed path, or confirm the outlet is still publishing"
Southern University and A&M College,LA,The Southern Digest,,skipped_no_url,,No outlet URL in the SPLC list,yes,"Find the outlet website by hand, then rerun discovery"
Southern University at New Orleans,LA,The Observer,https://www.suno.edu/page/the-observer,no_feed_found,,Site blocked the probe (HTTP 403),yes,Try fetch_hard_outlets.py or a browser-like fetch; may have an RSS feed we could not reach
American International College,MA,AIC Yellow Jacket,https://aicyellowjacket.com/category/news/,no_feed_found,,"No RSS/Atom feed at the URL, in its page head, or at common feed paths",yes,"Look for a nonstandard feed path, or confirm the outlet is still publishing"
Bay Path University,MA,Network News: Student Newsroom,https://www.baypath.edu/news/bay-path-student-newsroom-and-network-news/,no_feed_found,,"URL is a university page, not a standalone publication site; no feed found",yes,Look for a dedicated outlet website
Brandeis University,MA,The Justice,https://www.thejustice.org/page/archives,no_feed_found,,"No RSS/Atom feed at the URL, in its page head, or at common feed paths",yes,"Look for a nonstandard feed path, or confirm the outlet is still publishing"
Bristol Community College,MA,The Hawk,https://bristolthehawk.com,no_feed_found,,Site blocked the probe (HTTP 403),yes,Try fetch_hard_outlets.py or a browser-like fetch; may have an RSS feed we could not reach
Endicott College,MA,Endicott Observer,https://www.endicottobserver.com,no_feed_found,,"No RSS/Atom feed at the URL, in its page head, or at common feed paths",yes,"Look for a nonstandard feed path, or confirm the outlet is still publishing"
Harvard University,MA,The Harvard Crimson,https://www.thecrimson.com,no_feed_found,,"No RSS/Atom feed at the URL, in its page head, or at common feed paths",yes,"Look for a nonstandard feed path, or confirm the outlet is still publishing"
Lasell University,MA,1851 Chronicle,https://www.1851chronicle.org/,no_feed_found,,"No RSS/Atom feed at the URL, in its page head, or at common feed paths",yes,"Look for a nonstandard feed path, or confirm the outlet is still publishing"
Merrimack College,MA,The Beacon,https://merrimacknewspaper.com  ,skipped_already_tracked,,"Domain already in our feed lists, but this college was not matched to a publication in our database",yes,"Check the college label for this outlet (publication_locations.csv / overrides) -- likely a naming mismatch, not a missing feed"
Mount Holyoke College,MA,The Mount Holyoke News,https://www.mountholyokenews.com,no_feed_found,,"No RSS/Atom feed at the URL, in its page head, or at common feed paths",yes,"Look for a nonstandard feed path, or confirm the outlet is still publishing"
Tufts University,MA,The Tufts Daily,https://www.tuftsdaily.com,no_feed_found,,"No RSS/Atom feed at the URL, in its page head, or at common feed paths",yes,"Look for a nonstandard feed path, or confirm the outlet is still publishing"
Frederick Community College,MD,The Commuter,https://thecommuter.org,feed_found,https://thecommuter.org/feed/,Feed added to feeds_splc_discovered.txt,no,
Frostburg State University,MD,The Bottom Line News,https://thebottomlinenews.com/news/ ,no_feed_found,,"No RSS/Atom feed at the URL, in its page head, or at common feed paths",yes,"Look for a nonstandard feed path, or confirm the outlet is still publishing"
Harford Community College Student newspaper,MD,The Owl,https://www.harford.edu/experience/student-life/owl-media.php,no_feed_found,,"URL is a university page, not a standalone publication site; no feed found",yes,Look for a dedicated outlet website
Washington College,MD,The Elm,https://blog.washcoll.edu/wordpress/theelm/,no_feed_found,,"URL is a university page, not a standalone publication site; no feed found",yes,Look for a dedicated outlet website
Central Michigan University,MI,CM Life,https://www.cm-life.com/section/news,no_feed_found,,"No RSS/Atom feed at the URL, in its page head, or at common feed paths",yes,"Look for a nonstandard feed path, or confirm the outlet is still publishing"
Eastern Michigan University,MI,The Eastern Echo,https://www.easternecho.com,skipped_already_tracked,,"Domain already in our feed lists, but this college was not matched to a publication in our database",yes,"Check the college label for this outlet (publication_locations.csv / overrides) -- likely a naming mismatch, not a missing feed"
Lansing Community College,MI,The Lookout,https://www.lcc.edu/lookout/index.html,no_feed_found,,"URL is a university page, not a standalone publication site; no feed found",yes,Look for a dedicated outlet website
Northwestern Michigan College,MI,White Pine Press,https://www.whitepinepresstc.com,no_feed_found,,"No RSS/Atom feed at the URL, in its page head, or at common feed paths",yes,"Look for a nonstandard feed path, or confirm the outlet is still publishing"
Siena Heights University,MI,Spectra,https://www.shuspectra.com,no_feed_found,,"No RSS/Atom feed at the URL, in its page head, or at common feed paths",yes,"Look for a nonstandard feed path, or confirm the outlet is still publishing"
The University of Olivet,MI,The Echo,https://www.ocecho.com,skipped_already_tracked,,"Domain already in our feed lists, but this college was not matched to a publication in our database",yes,"Check the college label for this outlet (publication_locations.csv / overrides) -- likely a naming mismatch, not a missing feed"
University of Michigan-Dearborn,MI,The Michigan Journal,https://www.wolverinemedianetwork.com/michiganjournal,no_feed_found,,"No RSS/Atom feed at the URL, in its page head, or at common feed paths",yes,"Look for a nonstandard feed path, or confirm the outlet is still publishing"
Augsburg University,MN,Echo Student Newspaper,https://augsburgecho.com,skipped_already_tracked,,"Domain already in our feed lists, but this college was not matched to a publication in our database",yes,"Check the college label for this outlet (publication_locations.csv / overrides) -- likely a naming mismatch, not a missing feed"
Hamline University,MN,The Oracle,https://hamlineoracle.com,skipped_already_tracked,,"Domain already in our feed lists, but this college was not matched to a publication in our database",yes,"Check the college label for this outlet (publication_locations.csv / overrides) -- likely a naming mismatch, not a missing feed"
North Central University,MN,The Northerner,,skipped_no_url,,No outlet URL in the SPLC list,yes,"Find the outlet website by hand, then rerun discovery"
The College of St. Scholastica,MN,The Script,https://sites.google.com/css.edu/thescript,no_feed_found,,"No RSS/Atom feed at the URL, in its page head, or at common feed paths",yes,"Look for a nonstandard feed path, or confirm the outlet is still publishing"
University of Northwestern-St. Paul,MN,The Northwestern Examiner,,skipped_no_url,,No outlet URL in the SPLC list,yes,"Find the outlet website by hand, then rerun discovery"
College of the Ozarks,MO,The Outlook,https://www.facebook.com/outlook.cofo/,skipped_unsuitable,,Only a social media page listed,yes,Find the outlet website; social pages have no RSS
Drury University,MO,Drury Mirror,https://drurymirror.orgg,no_feed_found,,"No RSS/Atom feed at the URL, in its page head, or at common feed paths",yes,"Look for a nonstandard feed path, or confirm the outlet is still publishing"
Missouri State University,MO,The Standard,https://www.the-standard.org,feed_found,https://www.the-standard.org/search/?f=rss,Feed added to feeds_splc_discovered.txt,no,
Missouri Western State University,MO,The Griffon News,https://www.thegriffonnews.com/,no_feed_found,,"No RSS/Atom feed at the URL, in its page head, or at common feed paths",yes,"Look for a nonstandard feed path, or confirm the outlet is still publishing"
Northwest Missouri State University,MO,Northwest Missourian,https://www.nwmissourinews.com/,feed_found,https://www.nwmissourinews.com/search/?f=rss&t=article&l=50&s=start_time&sd=desc,Feed added to feeds_splc_discovered.txt,no,
Rockhurst University,MO,The Sentinel,https://rusentinel.com,skipped_already_tracked,,"Domain already in our feed lists, but this college was not matched to a publication in our database",yes,"Check the college label for this outlet (publication_locations.csv / overrides) -- likely a naming mismatch, not a missing feed"
Saint Louis Community College-Florissant Valley                                                                                                                                                                                                ,MO,The Forum,https://www.theforumfv.com/,no_feed_found,,"No RSS/Atom feed at the URL, in its page head, or at common feed paths",yes,"Look for a nonstandard feed path, or confirm the outlet is still publishing"
University of Missouri-St. Louis,MO,The Current,https://thecurrent-online.net,skipped_already_tracked,,"Domain already in our feed lists, but this college was not matched to a publication in our database",yes,"Check the college label for this outlet (publication_locations.csv / overrides) -- likely a naming mismatch, not a missing feed"
Westminster College,MO,The Columns,https://westminstercolumns.wordpress.com,skipped_already_tracked,,"Domain already in our feed lists, but this college was not matched to a publication in our database",yes,"Check the college label for this outlet (publication_locations.csv / overrides) -- likely a naming mismatch, not a missing feed"
Delta State University,MS,The Delta Statement,https://deltastatement.com,no_feed_found,,"No RSS/Atom feed at the URL, in its page head, or at common feed paths",yes,"Look for a nonstandard feed path, or confirm the outlet is still publishing"
Carroll College,MT,The Prospector,https://ccprospector.com/ ,skipped_already_tracked,,"Domain already in our feed lists, but this college was not matched to a publication in our database",yes,"Check the college label for this outlet (publication_locations.csv / overrides) -- likely a naming mismatch, not a missing feed"
University of Montana,MT,Montana Kaimin,https://www.montanakaimin.com,no_feed_found,,"No RSS/Atom feed at the URL, in its page head, or at common feed paths",yes,"Look for a nonstandard feed path, or confirm the outlet is still publishing"
Appalachian State University,NC,The Appalachian,https://theappalachianonline.com/,feed_found,https://theappalachianonline.com/feed/,Feed added to feeds_splc_discovered.txt,no,
Brevard College,NC,The Clarion,https://my.brevard.edu/ICS/icsfs/mm/clarion_90_26_20250418w.pdf?target=65e64a97-0cc3-4363-b74b-357b6e94d03c,no_feed_found,,"URL is a university page, not a standalone publication site; no feed found",yes,Look for a dedicated outlet website
Catawba College,NC,The Pioneer,https://www.catawbapioneer.com,skipped_already_tracked,,"Domain already in our feed lists, but this college was not matched to a publication in our database",yes,"Check the college label for this outlet (publication_locations.csv / overrides) -- likely a naming mismatch, not a missing feed"
East Carolina University,NC,The East Carolinian,https://www.piratemedia1.com/theeastcarolinian/,no_feed_found,,"No RSS/Atom feed at the URL, in its page head, or at common feed paths",yes,"Look for a nonstandard feed path, or confirm the outlet is still publishing"
Elon University,NC,The Pendulum,https://www.elonnewsnetwork.com/staff/the-pendulum,skipped_already_tracked,,"Domain already in our feed lists, but this college was not matched to a publication in our database",yes,"Check the college label for this outlet (publication_locations.csv / overrides) -- likely a naming mismatch, not a missing feed"
Greensboro College,NC,The Collegian,https://thegccollegian.com,skipped_already_tracked,,"Domain already in our feed lists, but this college was not matched to a publication in our database",yes,"Check the college label for this outlet (publication_locations.csv / overrides) -- likely a naming mismatch, not a missing feed"
High Point University,NC,Campus Chronicle,https://www.campus-chronicle.com/,no_feed_found,,"No RSS/Atom feed at the URL, in its page head, or at common feed paths",yes,"Look for a nonstandard feed path, or confirm the outlet is still publishing"
Meredith College,NC,Meredith Herald,https://www.meredithherald.comm,no_feed_found,,"No RSS/Atom feed at the URL, in its page head, or at common feed paths",yes,"Look for a nonstandard feed path, or confirm the outlet is still publishing"
Montreat College,NC,The Whetstone,https://newspapers.digitalnc.org/search/pages/results/?proxtext=whetstone&proxdistance=5&ortext=&andtext=&phrasetext=&county=&date1=&date2=&lccn=2016236513&lccn=2016236509&lccn=2016236508&lccn=2016236507&lccn=2016236506&lccn=2016236505&lccn=2016236504&lccn=2016236503&lccn=2016236502&lccn=2016236501&page=26&sort=date,no_feed_found,,"No RSS/Atom feed at the URL, in its page head, or at common feed paths",yes,"Look for a nonstandard feed path, or confirm the outlet is still publishing"
North Carolina Wesleyan College,NC,The Decree,https://anyflip.com/kosg/nbmo/,no_feed_found,,"No RSS/Atom feed at the URL, in its page head, or at common feed paths",yes,"Look for a nonstandard feed path, or confirm the outlet is still publishing"
University of North Carolina at Chapel Hill,NC,The Daily Tar Heel,https://www.dailytarheel.com/,feed_found,https://dailytarheel.com/feed/,Feed added to feeds_splc_discovered.txt,no,
Warren Wilson College,NC,The Echo Newspaper,https://wwcecho.news,no_feed_found,,"No RSS/Atom feed at the URL, in its page head, or at common feed paths",yes,"Look for a nonstandard feed path, or confirm the outlet is still publishing"
Bismarck State College,ND,The Mystician,https://www.bscmysticmedia.com/_files/ugd/628cb3_dd4ada1387d449caa29a24777712f526.pdf,no_feed_found,,"No RSS/Atom feed at the URL, in its page head, or at common feed paths",yes,"Look for a nonstandard feed path, or confirm the outlet is still publishing"
Minot State University,ND,Red & Green,https://www.minotstateu.edu/redgreen/,no_feed_found,,"No RSS/Atom feed at the URL, in its page head, or at common feed paths",yes,"Look for a nonstandard feed path, or confirm the outlet is still publishing"
North Dakota State University,ND,The Spectrum,https://ndsuspectrum.com,no_feed_found,,"No RSS/Atom feed at the URL, in its page head, or at common feed paths",yes,"Look for a nonstandard feed path, or confirm the outlet is still publishing"
University of North Dakota,ND,Dakota Student,https://dakotastudent.comm,no_feed_found,,"No RSS/Atom feed at the URL, in its page head, or at common feed paths",yes,"Look for a nonstandard feed path, or confirm the outlet is still publishing"
Northeast Community College,NE,The Viewpoint,https://neviewpoint.com/about/,no_feed_found,,"No RSS/Atom feed at the URL, in its page head, or at common feed paths",yes,"Look for a nonstandard feed path, or confirm the outlet is still publishing"
Peru State College,NE,Peru State Times,https://www.peru.edu/newsroom/all-news/2/  ,no_feed_found,,"URL is a university page, not a standalone publication site; no feed found",yes,Look for a dedicated outlet website
University of Nebraska-Omaha,NE,The Gateway,https://www.unothegateway.com/news/,no_feed_found,,Site blocked the probe (HTTP 429),yes,Try fetch_hard_outlets.py or a browser-like fetch; may have an RSS feed we could not reach
Franklin Pierce University,NH,Pierce Arrow,https://piercearrow.org,no_feed_found,,"No RSS/Atom feed at the URL, in its page head, or at common feed paths",yes,"Look for a nonstandard feed path, or confirm the outlet is still publishing"
Keene State College,NH,The Equinox,https://kscequinox.com,feed_found,https://kscequinox.com/feed/,Feed added to feeds_splc_discovered.txt,no,
University of New Hampshire-Main Campus,NH,The New Hampshire,https://tnhdigital.com/,no_feed_found,,"No RSS/Atom feed at the URL, in its page head, or at common feed paths",yes,"Look for a nonstandard feed path, or confirm the outlet is still publishing"
Atlantic Cape Community College,NJ,Atlantic Cape Review,https://www.atlanticcape.edu/student-life/student-engagement/atlantic-cape-review.php,no_feed_found,,"URL is a university page, not a standalone publication site; no feed found",yes,Look for a dedicated outlet website
Bergen Community College,NJ,The Torch,http://bergentorch.org,skipped_already_tracked,,"Domain already in our feed lists, but this college was not matched to a publication in our database",yes,"Check the college label for this outlet (publication_locations.csv / overrides) -- likely a naming mismatch, not a missing feed"
Centenary University,NJ,The Cyclone Chronicle,https://www.thecyclonechronicle.com/home,no_feed_found,,"No RSS/Atom feed at the URL, in its page head, or at common feed paths",yes,"Look for a nonstandard feed path, or confirm the outlet is still publishing"
Fairleigh Dickinson University,NJ,Equinox,https://www.instagram.com/equinoxfdu/,skipped_unsuitable,,Only a social media page listed,yes,Find the outlet website; social pages have no RSS
New Jersey City University,NJ,The Gothic Times,https://gothictimes.net,no_feed_found,,"No RSS/Atom feed at the URL, in its page head, or at common feed paths",yes,"Look for a nonstandard feed path, or confirm the outlet is still publishing"
Princeton University,NJ,The Daily Princetonian,https://www.dailyprincetonian.com/section/news,no_feed_found,,"No RSS/Atom feed at the URL, in its page head, or at common feed paths",yes,"Look for a nonstandard feed path, or confirm the outlet is still publishing"
Raritan Valley Community College,NJ,The Record,https://rvccrecord.com,no_feed_found,,"No RSS/Atom feed at the URL, in its page head, or at common feed paths",yes,"Look for a nonstandard feed path, or confirm the outlet is still publishing"
Rutgers University-Camden,NJ,The Daily Targum,https://dailytargum.com/,no_feed_found,,Site blocked the probe (HTTP 403),yes,Try fetch_hard_outlets.py or a browser-like fetch; may have an RSS feed we could not reach
Rutgers-New Brunswick,NJ,The Daily Targum,https://dailytargum.com/category/news,no_feed_found,,Site blocked the probe (HTTP 403),yes,Try fetch_hard_outlets.py or a browser-like fetch; may have an RSS feed we could not reach
Saint Peter's University,NJ,Saint Peter's Tribune,https://www.saintpeterstribune.com,no_feed_found,,"No RSS/Atom feed at the URL, in its page head, or at common feed paths",yes,"Look for a nonstandard feed path, or confirm the outlet is still publishing"
Seton Hall University,NJ,The Setonian,https://www.thesetonian.com,no_feed_found,,"No RSS/Atom feed at the URL, in its page head, or at common feed paths",yes,"Look for a nonstandard feed path, or confirm the outlet is still publishing"
Stevens Institute of Technology,NJ,The Stute,https://ducklink.stevens.edu/organization/the-stute,no_feed_found,,"URL is a university page, not a standalone publication site; no feed found",yes,Look for a dedicated outlet website
The College of New Jersey,NJ,The Signal,https://www.tcnjsignalnews.com,no_feed_found,,"No RSS/Atom feed at the URL, in its page head, or at common feed paths",yes,"Look for a nonstandard feed path, or confirm the outlet is still publishing"
CUNY John Jay College of Criminal Justice,NY,John Jay Sentinel,https://johnjaysentinel.com/,skipped_already_tracked,,"Domain already in our feed lists, but this college was not matched to a publication in our database",yes,"Check the college label for this outlet (publication_locations.csv / overrides) -- likely a naming mismatch, not a missing feed"
Cayuga Community College Student newspaper,NY,Collegian,https://www.cayuga-cc.edu/students/student-life/collegian/,no_feed_found,,"URL is a university page, not a standalone publication site; no feed found",yes,Look for a dedicated outlet website
Corning Community College,NY,The Crier,https://www.corning-cc.edu/the-crier.php,no_feed_found,,"No RSS/Atom feed at the URL, in its page head, or at common feed paths",yes,"Look for a nonstandard feed path, or confirm the outlet is still publishing"
Hamilton College,NY,The Spectator,https://spec.hamilton.edu,no_feed_found,,"No RSS/Atom feed at the URL, in its page head, or at common feed paths",yes,"Look for a nonstandard feed path, or confirm the outlet is still publishing"
Kingsborough Community College ,NY,The Scepter,https://www.kbcc.cuny.edu/scepter/index.html,no_feed_found,,"URL is a university page, not a standalone publication site; no feed found",yes,Look for a dedicated outlet website
Long Island University,NY,The Tide (same as The Pioneer),https://liuthetide.com,no_feed_found,,Site blocked the probe (HTTP 403),yes,Try fetch_hard_outlets.py or a browser-like fetch; may have an RSS feed we could not reach
Marist College,NY,Marist Circle,https://www.maristcircle.com/,no_feed_found,,"No RSS/Atom feed at the URL, in its page head, or at common feed paths",yes,"Look for a nonstandard feed path, or confirm the outlet is still publishing"
SUNY Broome,NY,The Fulcrum,https://fulcrumnewspaper.wordpress.com,already_has_feed,,Feed already in a feed list,no,
SUNY Buffalo State University,NY,The Record,https://buffstaterecord.com,skipped_already_tracked,,"Domain already in our feed lists, but this college was not matched to a publication in our database",yes,"Check the college label for this outlet (publication_locations.csv / overrides) -- likely a naming mismatch, not a missing feed"
SUNY Fredonia,NY,The Leader,https://fredonialeader.org,skipped_already_tracked,,"Domain already in our feed lists, but this college was not matched to a publication in our database",yes,"Check the college label for this outlet (publication_locations.csv / overrides) -- likely a naming mismatch, not a missing feed"
SUNY Geneseo Community College,NY,The Lamron,https://www.thelamron.com,no_feed_found,,"No RSS/Atom feed at the URL, in its page head, or at common feed paths",yes,"Look for a nonstandard feed path, or confirm the outlet is still publishing"
SUNY Old Westbury,NY,The Catalyst,http://www.oldwestburycatalyst.org/,skipped_already_tracked,,"Domain already in our feed lists, but this college was not matched to a publication in our database",yes,"Check the college label for this outlet (publication_locations.csv / overrides) -- likely a naming mismatch, not a missing feed"
SUNY Westchester Community College,NY,The Viking News,https://vikingnews.org,no_feed_found,,"No RSS/Atom feed at the URL, in its page head, or at common feed paths",yes,"Look for a nonstandard feed path, or confirm the outlet is still publishing"
SUNY at Albany,NY,Albany Student Press,https://www.albanystudentpress.online/,no_feed_found,,"No RSS/Atom feed at the URL, in its page head, or at common feed paths",yes,"Look for a nonstandard feed path, or confirm the outlet is still publishing"
Sarah Lawrence College,NY,The Phoenix,https://sarahlawrencephoenix.com,no_feed_found,,"No RSS/Atom feed at the URL, in its page head, or at common feed paths",yes,"Look for a nonstandard feed path, or confirm the outlet is still publishing"
Skidmore College,NY,The Skidmore News,https://skidmorenews.com/news,no_feed_found,,"No RSS/Atom feed at the URL, in its page head, or at common feed paths",yes,"Look for a nonstandard feed path, or confirm the outlet is still publishing"
St. Lawrence University,NY,The Hill News,https://thehillnews.org,feed_found,https://thehillnews.org/feed/,Feed added to feeds_splc_discovered.txt,no,
University at Albany,NY,Albany Student Press,https://www.albanystudentpress.online/,no_feed_found,,"No RSS/Atom feed at the URL, in its page head, or at common feed paths",yes,"Look for a nonstandard feed path, or confirm the outlet is still publishing"
University at Buffalo,NY,The Spectrum,https://www.ubspectrum.com,no_feed_found,,"No RSS/Atom feed at the URL, in its page head, or at common feed paths",yes,"Look for a nonstandard feed path, or confirm the outlet is still publishing"
University of Rochester,NY,Campus Times, http://www.campustimes.org/,skipped_already_tracked,,"Domain already in our feed lists, but this college was not matched to a publication in our database",yes,"Check the college label for this outlet (publication_locations.csv / overrides) -- likely a naming mismatch, not a missing feed"
Ashland University,OH,The Collegian,https://ashland-collegian.com,skipped_already_tracked,,"Domain already in our feed lists, but this college was not matched to a publication in our database",yes,"Check the college label for this outlet (publication_locations.csv / overrides) -- likely a naming mismatch, not a missing feed"
Capital University,OH,The Chimes,https://cuchimes.com,skipped_already_tracked,,"Domain already in our feed lists, but this college was not matched to a publication in our database",yes,"Check the college label for this outlet (publication_locations.csv / overrides) -- likely a naming mismatch, not a missing feed"
Case Western Reserve University,OH,The Observer,https://observer.case.edu,skipped_already_tracked,,"Domain already in our feed lists, but this college was not matched to a publication in our database",yes,"Check the college label for this outlet (publication_locations.csv / overrides) -- likely a naming mismatch, not a missing feed"
Central State University,OH,The Gold Torch,https://thegoldtorch.wixsite.com/torch,no_feed_found,,"No RSS/Atom feed at the URL, in its page head, or at common feed paths",yes,"Look for a nonstandard feed path, or confirm the outlet is still publishing"
Cleveland State University,OH,The Cauldron,https://csu-cauldron.com,no_feed_found,,"No RSS/Atom feed at the URL, in its page head, or at common feed paths",yes,"Look for a nonstandard feed path, or confirm the outlet is still publishing"
Lorain County Community College,OH,The Collegian,https://collegian.lorainccc.edu,no_feed_found,,Site blocked the probe (HTTP 403),yes,Try fetch_hard_outlets.py or a browser-like fetch; may have an RSS feed we could not reach
Miami University,OH,The Miami Student,https://www.miamistudent.net,no_feed_found,,"No RSS/Atom feed at the URL, in its page head, or at common feed paths",yes,"Look for a nonstandard feed path, or confirm the outlet is still publishing"
Otterbein University,OH,T&C Media,https://www.tandcmedia.org,no_feed_found,,Site blocked the probe (HTTP 403),yes,Try fetch_hard_outlets.py or a browser-like fetch; may have an RSS feed we could not reach
Sinclair Community College,OH,The Clarion,https://www.sinclairclarion.com,skipped_already_tracked,,"Domain already in our feed lists, but this college was not matched to a publication in our database",yes,"Check the college label for this outlet (publication_locations.csv / overrides) -- likely a naming mismatch, not a missing feed"
The College of Wooster,OH,The Wooster Voice,https://thewoostervoice.spaces.wooster.edu,no_feed_found,,"No RSS/Atom feed at the URL, in its page head, or at common feed paths",yes,"Look for a nonstandard feed path, or confirm the outlet is still publishing"
University of Cincinnati,OH,The News Record,https://www.newsrecord.org,no_feed_found,,"No RSS/Atom feed at the URL, in its page head, or at common feed paths",yes,"Look for a nonstandard feed path, or confirm the outlet is still publishing"
University of Cincinnati-Main Campus,OH,News Record,https://www.newsrecord.org/,no_feed_found,,Site blocked the probe (HTTP 429),yes,Try fetch_hard_outlets.py or a browser-like fetch; may have an RSS feed we could not reach
Wittenberg University,OH,The Wittenberg Torch,https://www.wittenbergtorch.com,no_feed_found,,"No RSS/Atom feed at the URL, in its page head, or at common feed paths",yes,"Look for a nonstandard feed path, or confirm the outlet is still publishing"
Wright State University,OH,The Wright State Guardian,https://www.wsuguardian.com,no_feed_found,,"No RSS/Atom feed at the URL, in its page head, or at common feed paths",yes,"Look for a nonstandard feed path, or confirm the outlet is still publishing"
Oklahoma Baptist University,OK,The Bison,https://www.google.com/search?client=safari&rls=en&q=The+Bison%2C+https%3A%2F%2Fthebisonnews.com%2F&ie=UTF-8&oe=UTF-8,no_feed_found,,"No RSS/Atom feed at the URL, in its page head, or at common feed paths",yes,"Look for a nonstandard feed path, or confirm the outlet is still publishing"
Oklahoma City University,OK,Media OCU,http://mediaocu.com/,no_feed_found,,"No RSS/Atom feed at the URL, in its page head, or at common feed paths",yes,"Look for a nonstandard feed path, or confirm the outlet is still publishing"
Oklahoma State University,OK,The O'Colly,https://www.ocolly.com/news/,no_feed_found,,"No RSS/Atom feed at the URL, in its page head, or at common feed paths",yes,"Look for a nonstandard feed path, or confirm the outlet is still publishing"
Oral Roberts University,OK,The Oracle,https://oruoracle.com/,skipped_already_tracked,,"Domain already in our feed lists, but this college was not matched to a publication in our database",yes,"Check the college label for this outlet (publication_locations.csv / overrides) -- likely a naming mismatch, not a missing feed"
Rose State College,OK,15th Street News,https://www.15thstreetnews.org/,no_feed_found,,"No RSS/Atom feed at the URL, in its page head, or at common feed paths",yes,"Look for a nonstandard feed path, or confirm the outlet is still publishing"
Southern Nazarene University,OK,The Echo,https://echo.snu.edu,already_has_feed,,Feed already in a feed list,no,
University of Central Oklahoma,OK,The Vista,https://issuu.com/thevista,no_feed_found,,"No RSS/Atom feed at the URL, in its page head, or at common feed paths",yes,"Look for a nonstandard feed path, or confirm the outlet is still publishing"
University of Tulsa,OK,The Collegian,https://tucollegian.org,skipped_already_tracked,,"Domain already in our feed lists, but this college was not matched to a publication in our database",yes,"Check the college label for this outlet (publication_locations.csv / overrides) -- likely a naming mismatch, not a missing feed"
Eastern Oregon University,OR,The Voice,https://thevoiceofeou.com,skipped_already_tracked,,"Domain already in our feed lists, but this college was not matched to a publication in our database",yes,"Check the college label for this outlet (publication_locations.csv / overrides) -- likely a naming mismatch, not a missing feed"
George Fox University,OR,The Crescent,https://www.gfucrescent.com,no_feed_found,,"No RSS/Atom feed at the URL, in its page head, or at common feed paths",yes,"Look for a nonstandard feed path, or confirm the outlet is still publishing"
Pacific University,OR,Pacific Index,https://pacindex.com,feed_found,https://pacindex.com/feed/,Feed added to feeds_splc_discovered.txt,no,
Portland State University,OR,PSU Vanguard,https://psuvanguard.com,feed_found,https://psuvanguard.com/feed/,Feed added to feeds_splc_discovered.txt,no,
Reed College,OR,The Reed College Quest,https://www.reedquest.org,no_feed_found,,"No RSS/Atom feed at the URL, in its page head, or at common feed paths",yes,"Look for a nonstandard feed path, or confirm the outlet is still publishing"
University of Portland,OR,The Beacon,https://www.upbeacon.com,no_feed_found,,Site blocked the probe (HTTP 403),yes,Try fetch_hard_outlets.py or a browser-like fetch; may have an RSS feed we could not reach
Bryn Mawr College,PA,Bi-College News,https://bicollegenews.com,no_feed_found,,Site blocked the probe (HTTP 403),yes,Try fetch_hard_outlets.py or a browser-like fetch; may have an RSS feed we could not reach
Cabrini University,PA,The Loquitur,https://issuu.com/loquitur,no_feed_found,,Page not found (HTTP 404) -- URL may be stale,yes,Find the current outlet URL
Clarion University,PA,Clarion Call,https://issuu.com/theclarioncall,no_feed_found,,Page not found (HTTP 404) -- URL may be stale,yes,Find the current outlet URL
Edinboro University,PA,The Spectator,https://www.edinboronow.com/Spectator,no_feed_found,,"No RSS/Atom feed at the URL, in its page head, or at common feed paths",yes,"Look for a nonstandard feed path, or confirm the outlet is still publishing"
Geneva College,PA,The Geneva Cabinet,https://www.thegenevacabinet.com,no_feed_found,,"No RSS/Atom feed at the URL, in its page head, or at common feed paths",yes,"Look for a nonstandard feed path, or confirm the outlet is still publishing"
Gwynedd Mercy University,PA,Griffins Den,https://www.gmercyu.edu/griffins-den/,no_feed_found,,"No RSS/Atom feed at the URL, in its page head, or at common feed paths",yes,"Look for a nonstandard feed path, or confirm the outlet is still publishing"
Indiana University of Pennsylvania,PA,The Penn,https://www.thepenn.org,no_feed_found,,"No RSS/Atom feed at the URL, in its page head, or at common feed paths",yes,"Look for a nonstandard feed path, or confirm the outlet is still publishing"
Indiana University of Pennsylvania-Main Campus,PA,The Penn,https://www.thepenn.org/,feed_found,https://www.thepenn.org/search/?f=rss,Feed added to feeds_splc_discovered.txt,no,
Lebanon Valley College,PA,La Vie Collegienne,http://wordpress.lvc.edu/wordpress/lavie/,no_feed_found,,"URL is a university page, not a standalone publication site; no feed found",yes,Look for a dedicated outlet website
Mansfield University of Pennsylvania,PA,The Flashlight,https://library.commonwealthu.edu/mansfield-history/flashlight,no_feed_found,,"URL is a university page, not a standalone publication site; no feed found",yes,Look for a dedicated outlet website
Messiah University,PA,The Pulse,https://pulse.messiah.edu,skipped_already_tracked,,"Domain already in our feed lists, but this college was not matched to a publication in our database",yes,"Check the college label for this outlet (publication_locations.csv / overrides) -- likely a naming mismatch, not a missing feed"
Penn State Beaver,PA,The Roar,https://sites.psu.edu/theroar/,skipped_already_tracked,,"Domain already in our feed lists, but this college was not matched to a publication in our database",yes,"Check the college label for this outlet (publication_locations.csv / overrides) -- likely a naming mismatch, not a missing feed"
Reading Area Community College,PA,The Front Street Journal,https://www.thefrontstreetjournal.com,no_feed_found,,"No RSS/Atom feed at the URL, in its page head, or at common feed paths",yes,"Look for a nonstandard feed path, or confirm the outlet is still publishing"
Shippensburg University,PA,The Slate,https://www.theslateonline.com,no_feed_found,,Site blocked the probe (HTTP 403),yes,Try fetch_hard_outlets.py or a browser-like fetch; may have an RSS feed we could not reach
Swarthmore College,PA,The Phoenix,https://swarthmorephoenix.com,feed_found,https://swarthmorephoenix.com/feed/,Feed added to feeds_splc_discovered.txt,no,
The University of Scranton,PA,The Aquinas,https://aquinas.scranton.edu,no_feed_found,,"No RSS/Atom feed at the URL, in its page head, or at common feed paths",yes,"Look for a nonstandard feed path, or confirm the outlet is still publishing"
University of Pittsburgh,PA,The Pitt News,https://pittnews.com,feed_found,https://pittnews.com/feed/,Feed added to feeds_splc_discovered.txt,no,
Westminster College,PA,The Forum,https://www.wuforummedia.com/l,skipped_already_tracked,,"Domain already in our feed lists, but this college was not matched to a publication in our database",yes,"Check the college label for this outlet (publication_locations.csv / overrides) -- likely a naming mismatch, not a missing feed"
Wilkes University,PA,The Beacon,https://www.thewilkesbeacon.com,skipped_already_tracked,,"Domain already in our feed lists, but this college was not matched to a publication in our database",yes,"Check the college label for this outlet (publication_locations.csv / overrides) -- likely a naming mismatch, not a missing feed"
Bryant University,RI,Bryant Archway,https://news.bryant.edu,no_feed_found,,"No RSS/Atom feed at the URL, in its page head, or at common feed paths",yes,"Look for a nonstandard feed path, or confirm the outlet is still publishing"
Rhode Island School of Design,RI,The College Hill Independent,https://www.theindy.org/about,no_feed_found,,"No RSS/Atom feed at the URL, in its page head, or at common feed paths",yes,"Look for a nonstandard feed path, or confirm the outlet is still publishing"
Salve Regina University,RI,Mosaic,https://www.srumosaic.com,feed_found,https://www.srumosaic.com/feed/,Feed added to feeds_splc_discovered.txt,no,
Bob Jones University,SC,The Collegian,https://collegianonline.com,skipped_already_tracked,,"Domain already in our feed lists, but this college was not matched to a publication in our database",yes,"Check the college label for this outlet (publication_locations.csv / overrides) -- likely a naming mismatch, not a missing feed"
Coastal Carolina University,SC,The Chanticleer,https://www.coastal.edu/aboutccu/historytraditions/thechanticleer/,no_feed_found,,Page not found (HTTP 404) -- URL may be stale,yes,Find the current outlet URL
Lander University,SC,The Lander Forum,https://www.lander.edu/academics/_files/documents/dept-english/March-2025-Forum-b.pdf,skipped_unsuitable,,"URL is a university department/library page, not a publication site",yes,Find the outlet website
Spartanburg Methodist College,SC,The Trailblazer,https://smctrailblazer.com,no_feed_found,,"No RSS/Atom feed at the URL, in its page head, or at common feed paths",yes,"Look for a nonstandard feed path, or confirm the outlet is still publishing"
University of South Carolina Aiken,SC,The Pacer Times,https://www.mypacertimes.com,no_feed_found,,"No RSS/Atom feed at the URL, in its page head, or at common feed paths",yes,"Look for a nonstandard feed path, or confirm the outlet is still publishing"
Wofford College,SC,The Old Gold & Black,https://woffordogb.com,skipped_already_tracked,,"Domain already in our feed lists, but this college was not matched to a publication in our database",yes,"Check the college label for this outlet (publication_locations.csv / overrides) -- likely a naming mismatch, not a missing feed"
Northern State University,SD,Exponent,https://exponentnsu.wordpress.com/home/,skipped_already_tracked,,"Domain already in our feed lists, but this college was not matched to a publication in our database",yes,"Check the college label for this outlet (publication_locations.csv / overrides) -- likely a naming mismatch, not a missing feed"
South Dakota State University,SD,The Collegian,https://sdsucollegian.com,skipped_already_tracked,,"Domain already in our feed lists, but this college was not matched to a publication in our database",yes,"Check the college label for this outlet (publication_locations.csv / overrides) -- likely a naming mismatch, not a missing feed"
Bryan College,TN,The Triangle,https://www.bryantriangle.com,skipped_already_tracked,,"Domain already in our feed lists, but this college was not matched to a publication in our database",yes,"Check the college label for this outlet (publication_locations.csv / overrides) -- likely a naming mismatch, not a missing feed"
Lee University,TN,Lee Clarion,https://www.leeclarion.com/,no_feed_found,,"No RSS/Atom feed at the URL, in its page head, or at common feed paths",yes,"Look for a nonstandard feed path, or confirm the outlet is still publishing"
Rhodes College,TN,The Sou'wester,https://rhodes.presence.io/organization/the-souwester,no_feed_found,,"No RSS/Atom feed at the URL, in its page head, or at common feed paths",yes,"Look for a nonstandard feed path, or confirm the outlet is still publishing"
Tennessee State University,TN,The Meter,https://www.tnstate.edu/campus_life/meter.aspx,no_feed_found,,"URL is a university page, not a standalone publication site; no feed found",yes,Look for a dedicated outlet website
Tennessee Tech University,TN,The Oracle,https://www.tntechoracle.com,skipped_already_tracked,,"Domain already in our feed lists, but this college was not matched to a publication in our database",yes,"Check the college label for this outlet (publication_locations.csv / overrides) -- likely a naming mismatch, not a missing feed"
University of Tennessee-Chattanooga,TN,The University Echo,https://www.theutcecho.com,no_feed_found,,"No RSS/Atom feed at the URL, in its page head, or at common feed paths",yes,"Look for a nonstandard feed path, or confirm the outlet is still publishing"
Amarillo College,TX,The Ranger,https://acranger.com,feed_found,https://acranger.com/feed/,Feed added to feeds_splc_discovered.txt,no,
Angelo State University,TX,Ram Page,https://www.asurampage.com,no_feed_found,,"No RSS/Atom feed at the URL, in its page head, or at common feed paths",yes,"Look for a nonstandard feed path, or confirm the outlet is still publishing"
Cisco College,TX,The Wrangler Express,https://www.cisco.edu/student-life/clubs-organizations/wrangler-express,no_feed_found,,"URL is a university page, not a standalone publication site; no feed found",yes,Look for a dedicated outlet website
Del Mar College,TX,Foghorn News,https://www.foghornnews.comm,no_feed_found,,"No RSS/Atom feed at the URL, in its page head, or at common feed paths",yes,"Look for a nonstandard feed path, or confirm the outlet is still publishing"
Eastfield College,TX,Et Cetera,https://eastfieldnews.comm,no_feed_found,,"No RSS/Atom feed at the URL, in its page head, or at common feed paths",yes,"Look for a nonstandard feed path, or confirm the outlet is still publishing"
Grayson College,TX,The Viking Newspaper,https://www.grayson.edu/the-viking/index.html,no_feed_found,,"URL is a university page, not a standalone publication site; no feed found",yes,Look for a dedicated outlet website
Kilgore College,TX,The Flare,,skipped_no_url,,No outlet URL in the SPLC list,yes,"Find the outlet website by hand, then rerun discovery"
Lamar University,TX,University Press,https://www.lamaruniversitypress.com,no_feed_found,,"No RSS/Atom feed at the URL, in its page head, or at common feed paths",yes,"Look for a nonstandard feed path, or confirm the outlet is still publishing"
Rice University,TX,The Rice Thresher,https://www.ricethresher.org,no_feed_found,,Site blocked the probe (HTTP 403),yes,Try fetch_hard_outlets.py or a browser-like fetch; may have an RSS feed we could not reach
Southern Methodist University,TX,The Daily Campus,https://smudailycampus.com,skipped_already_tracked,,"Domain already in our feed lists, but this college was not matched to a publication in our database",yes,"Check the college label for this outlet (publication_locations.csv / overrides) -- likely a naming mismatch, not a missing feed"
Southern Methodist University's Journalism Division,TX,The Daily Campus,https://smudailycampus.com,skipped_already_tracked,,"Domain already in our feed lists, but this college was not matched to a publication in our database",yes,"Check the college label for this outlet (publication_locations.csv / overrides) -- likely a naming mismatch, not a missing feed"
Tarrant County College,TX,The Collegian,https://collegian.tccd.edu,skipped_already_tracked,,"Domain already in our feed lists, but this college was not matched to a publication in our database",yes,"Check the college label for this outlet (publication_locations.csv / overrides) -- likely a naming mismatch, not a missing feed"
Texas Southern University,TX,The TSU Herald,,skipped_no_url,,No outlet URL in the SPLC list,yes,"Find the outlet website by hand, then rerun discovery"
Texas Tech University ,TX,The Daily Toreador,https://www.dailytoreador.com,no_feed_found,,Site blocked the probe (HTTP 403),yes,Try fetch_hard_outlets.py or a browser-like fetch; may have an RSS feed we could not reach
Tyler Junior College,TX,The Drum Beat,https://thedrumbeatcom.wpcomstaging.com,no_feed_found,,Site blocked the probe (HTTP 403),yes,Try fetch_hard_outlets.py or a browser-like fetch; may have an RSS feed we could not reach
University of Houston-Clear Lake,TX,The Signal,https://thesignalnews.net,no_feed_found,,Site blocked the probe (HTTP 403),yes,Try fetch_hard_outlets.py or a browser-like fetch; may have an RSS feed we could not reach
University of Houston-Downtown,TX,Dateline,https://www.uhd.edu/academics/humanities/about/departments/english/dateline/index.aspx,skipped_unsuitable,,"URL is a university department/library page, not a publication site",yes,Find the outlet website
University of Mary-Hardin-Baylor,TX,The Bells,https://www.umhb.edu/thebells/more/p9  ,no_feed_found,,"URL is a university page, not a standalone publication site; no feed found",yes,Look for a dedicated outlet website
University of Texas at Arlington,TX,The Shorthorn,https://www.theshorthorn.com,no_feed_found,,"No RSS/Atom feed at the URL, in its page head, or at common feed paths",yes,"Look for a nonstandard feed path, or confirm the outlet is still publishing"
Hampton University,VA,Hampton Script,https://hamptonscript.com/,no_feed_found,,"No RSS/Atom feed at the URL, in its page head, or at common feed paths",yes,"Look for a nonstandard feed path, or confirm the outlet is still publishing"
James Madison University,VA,The Breeze,https://www.breezejmu.org  ,no_feed_found,,"No RSS/Atom feed at the URL, in its page head, or at common feed paths",yes,"Look for a nonstandard feed path, or confirm the outlet is still publishing"
Longwood University,VA,The Rotunda,https://www.therotundaonline.com,no_feed_found,,"No RSS/Atom feed at the URL, in its page head, or at common feed paths",yes,"Look for a nonstandard feed path, or confirm the outlet is still publishing"
Marymount University,VA,The Banner,https://mubanner.com/,no_feed_found,,"No RSS/Atom feed at the URL, in its page head, or at common feed paths",yes,"Look for a nonstandard feed path, or confirm the outlet is still publishing"
Old Dominion University,VA,Mace and Crown,https://maceandcrown.com,no_feed_found,,"No RSS/Atom feed at the URL, in its page head, or at common feed paths",yes,"Look for a nonstandard feed path, or confirm the outlet is still publishing"
Regent University,VA,Daily Runner,https://dailyrunneronline.com ,no_feed_found,,"No RSS/Atom feed at the URL, in its page head, or at common feed paths",yes,"Look for a nonstandard feed path, or confirm the outlet is still publishing"
University of Virginia,VA,The Cavalier Daily,https://www.cavalierdaily.com,no_feed_found,,"No RSS/Atom feed at the URL, in its page head, or at common feed paths",yes,"Look for a nonstandard feed path, or confirm the outlet is still publishing"
Middlebury College,VT,The Middlebury Campus,https://www.middleburycampus.com,no_feed_found,,"No RSS/Atom feed at the URL, in its page head, or at common feed paths",yes,"Look for a nonstandard feed path, or confirm the outlet is still publishing"
Saint Michael's College,VT,Defender,https://defender.smcvt.edu,skipped_already_tracked,,"Domain already in our feed lists, but this college was not matched to a publication in our database",yes,"Check the college label for this outlet (publication_locations.csv / overrides) -- likely a naming mismatch, not a missing feed"
Central Washington University,WA,The Observer,https://cwuobserver.com,skipped_already_tracked,,"Domain already in our feed lists, but this college was not matched to a publication in our database",yes,"Check the college label for this outlet (publication_locations.csv / overrides) -- likely a naming mismatch, not a missing feed"
Clark College,WA,The Independent,https://www.facebook.com/ClarkIndyNews/,skipped_unsuitable,,Only a social media page listed,yes,Find the outlet website; social pages have no RSS
Gonzaga University,WA,Gonzaga Bulletin,https://www.gonzagabulletin.com,no_feed_found,,"No RSS/Atom feed at the URL, in its page head, or at common feed paths",yes,"Look for a nonstandard feed path, or confirm the outlet is still publishing"
Green River College,WA,The Current,https://www.thegrcurrent.com,skipped_already_tracked,,"Domain already in our feed lists, but this college was not matched to a publication in our database",yes,"Check the college label for this outlet (publication_locations.csv / overrides) -- likely a naming mismatch, not a missing feed"
Pacific Lutheran University,WA,The Mast,https://www.plu.edu/studentmedia/mooring-mast/,no_feed_found,,"URL is a university page, not a standalone publication site; no feed found",yes,Look for a dedicated outlet website
Peninsula College,WA,The Buccaneer,https://www.passthebuc.com  ,skipped_already_tracked,,"Domain already in our feed lists, but this college was not matched to a publication in our database",yes,"Check the college label for this outlet (publication_locations.csv / overrides) -- likely a naming mismatch, not a missing feed"
Pierce College Fort Steilacoom,WA,Puyallup Post,https://puyalluppost.com/ ,no_feed_found,,"No RSS/Atom feed at the URL, in its page head, or at common feed paths",yes,"Look for a nonstandard feed path, or confirm the outlet is still publishing"
Seattle University,WA,The Spectator,https://seattlespectator.com,skipped_already_tracked,,"Domain already in our feed lists, but this college was not matched to a publication in our database",yes,"Check the college label for this outlet (publication_locations.csv / overrides) -- likely a naming mismatch, not a missing feed"
The Evergreen State College,WA,The Cooper Point Journal,https://www.cooperpointjournal.com/category/news/,skipped_already_tracked,,"Domain already in our feed lists, but this college was not matched to a publication in our database",yes,"Check the college label for this outlet (publication_locations.csv / overrides) -- likely a naming mismatch, not a missing feed"
University of Washington,WA,Daily UW,https://www.dailyuw.com ,no_feed_found,,Site blocked the probe (HTTP 403),yes,Try fetch_hard_outlets.py or a browser-like fetch; may have an RSS feed we could not reach
Western Washington University,WA,The Front,https://www.thefrontonline.com,no_feed_found,,Site blocked the probe (HTTP 403),yes,Try fetch_hard_outlets.py or a browser-like fetch; may have an RSS feed we could not reach
Whatcom Community College,WA,Horizon,https://www.whatcomhorizon.com/,skipped_already_tracked,,"Domain already in our feed lists, but this college was not matched to a publication in our database",yes,"Check the college label for this outlet (publication_locations.csv / overrides) -- likely a naming mismatch, not a missing feed"
Whitworth University,WA,The Whitworthian,https://thewhitworthian.news,feed_found,https://thewhitworthian.news/feed/,Feed added to feeds_splc_discovered.txt,no,
Concordia University Wisconsin,WI,The Concordia Beacon,https://www.cuw.edu/life/involvement-and-activities/beacon.html,no_feed_found,,"URL is a university page, not a standalone publication site; no feed found",yes,Look for a dedicated outlet website
Edgewood College,WI,On the Edge,https://otenews.com,no_feed_found,,"No RSS/Atom feed at the URL, in its page head, or at common feed paths",yes,"Look for a nonstandard feed path, or confirm the outlet is still publishing"
Lawrence University,WI,The Lawrentian,https://www.lawrentian.com,no_feed_found,,"No RSS/Atom feed at the URL, in its page head, or at common feed paths",yes,"Look for a nonstandard feed path, or confirm the outlet is still publishing"
Bethany College,WV,The Tower,https://www.toweronline.net,no_feed_found,,Page not found (HTTP 404) -- URL may be stale,yes,Find the current outlet URL
Laramie County Community College,WY,The Wingspan,https://wyomingnewspapers.org/?a=q&hs=1&r=1&results=1&txf=txIN%7CtxCO%7CtxTA&txq=the+wingspan&e=-------en-20--1--img-txIN%7CtxCO%7CtxTA--------0------,no_feed_found,,Site blocked the probe (HTTP 403),yes,Try fetch_hard_outlets.py or a browser-like fetch; may have an RSS feed we could not reach
University of Wyoming,WY,Branding Iron,http://www.uwbrandingiron.com,feed_found,https://www.uwbrandingiron.com/?feed=rss2 | https://www.uwbrandingiron.com/?feed=comments-rss2,Feed added to feeds_splc_discovered.txt,no,
